song,bar,midi,pitch_name,dia,alter,note_type,dots,tuplet,duration_q,syllable,word_start,hyphen_after,melisma,chord_raw,chord_root,chord_quality,pc_rel_tonic,chord_root_rel,pc_rel_chord
Night and Day,1,69,A4,5,0,eighth,0,1,0.5,Like,True,False,False,,,,7,,
Night and Day,1,69,A4,5,0,eighth,0,1,0.5,the,True,False,False,,,,7,,
Night and Day,2,69,A4,5,0,quarter,0,1,1.0,"beat,",True,False,False,D©º,D#,dim,7,1,6
Night and Day,2,69,A4,5,0,quarter,0,1,1.0,"beat,",True,False,False,D©º,D#,dim,7,1,6
Night and Day,2,69,A4,5,0,quarter,0,1,1.0,"beat,",True,False,False,D©º,D#,dim,7,1,6
Night and Day,2,69,A4,5,0,eighth,0,1,0.5,of,True,False,False,D©º,D#,dim,7,1,6
Night and Day,2,69,A4,5,0,eighth,0,1,0.5,the,True,False,False,D©º,D#,dim,7,1,6
Night and Day,3,69,A4,5,0,quarter,0,1,1.0,tom,True,True,False,A7,A,7,7,7,0
Night and Day,3,69,A4,5,0,quarter,0,1,1.0,tom;,False,False,False,A7,A,7,7,7,0
Night and Day,3,69,A4,5,0,eighth,0,1,0.5,When,True,False,False,A7,A,7,7,7,0
Night and Day,3,69,A4,5,0,eighth,0,1,0.5,the,True,False,False,A7,A,7,7,7,0
Night and Day,4,69,A4,5,0,quarter,1,1,1.5,jun,True,True,False,A7,A,7,7,7,0
Night and Day,4,69,A4,5,0,eighth,0,1,0.5,gle,False,False,False,A7,A,7,7,7,0
Night and Day,4,69,A4,5,0,quarter,0,1,1.0,shad,True,True,False,D,D,,7,0,7
Night and Day,4,69,A4,5,0,quarter,0,1,1.0,ows,False,False,False,D,D,,7,0,7
Night and Day,5,69,A4,5,0,half,1,1,3.0,"fall,",True,False,False,D‹,D,m,7,0,7
Night and Day,5,69,A4,5,0,eighth,0,1,0.5,Like,True,False,False,A7,A,7,7,7,0
Night and Day,5,69,A4,5,0,eighth,0,1,0.5,the,True,False,False,A7,A,7,7,7,0
Night and Day,6,69,A4,5,0,quarter,0,1,1.0,"tick,",True,False,False,D©º,D#,dim,7,1,6
Night and Day,6,69,A4,5,0,quarter,0,1,1.0,"tick,",True,False,False,D©º,D#,dim,7,1,6
Night and Day,6,69,A4,5,0,quarter,0,1,1.0,tock,True,False,False,A7,A,7,7,7,0
Night and Day,6,69,A4,5,0,eighth,0,1,0.5,of,True,False,False,A7,A,7,7,7,0
Night and Day,6,69,A4,5,0,eighth,0,1,0.5,the,True,False,False,A7,A,7,7,7,0
Night and Day,7,69,A4,5,0,quarter,0,1,1.0,state,True,True,False,A7,A,7,7,7,0
Night and Day,7,69,A4,5,0,quarter,0,1,1.0,ly,False,False,False,A7,A,7,7,7,0
Night and Day,7,69,A4,5,0,quarter,0,1,1.0,"clock,",True,False,False,D,D,,7,0,7
Night and Day,7,69,A4,5,0,eighth,0,1,0.5,as,True,False,False,D,D,,7,0,7
Night and Day,7,69,A4,5,0,eighth,0,1,0.5,it,True,False,False,D,D,,7,0,7
Night and Day,8,69,A4,5,0,quarter,1,1,1.5,stands,True,False,False,D‹,D,m,7,0,7
Night and Day,8,69,A4,5,0,eighth,0,1,0.5,a,True,True,False,D‹,D,m,7,0,7
Night and Day,8,69,A4,5,0,quarter,1,1,1.5,gainst,False,False,False,D‹,D,m,7,0,7
Night and Day,8,69,A4,5,0,eighth,0,1,0.5,the,True,False,False,D‹,D,m,7,0,7
Night and Day,9,69,A4,5,0,half,1,1,3.0,"wall,",True,False,False,A7,A,7,7,7,0
Night and Day,9,69,A4,5,0,eighth,0,1,0.5,Like,True,False,False,A7,A,7,7,7,0
Night and Day,9,69,A4,5,0,eighth,0,1,0.5,the,True,False,False,A7,A,7,7,7,0
Night and Day,10,70,Bb4,6,-1,quarter,0,1,1.0,"drip,",True,False,False,B¨7,Bb,7,8,8,0
Night and Day,10,70,Bb4,6,-1,quarter,0,1,1.0,"drip,",True,False,False,B¨7,Bb,7,8,8,0
Night and Day,10,70,Bb4,6,-1,quarter,0,1,1.0,"drip,",True,False,False,B¨7,Bb,7,8,8,0
Night and Day,10,70,Bb4,6,-1,eighth,0,1,0.5,of,True,False,False,B¨7,Bb,7,8,8,0
Night and Day,10,70,Bb4,6,-1,eighth,0,1,0.5,the,True,False,False,B¨7,Bb,7,8,8,0
Night and Day,11,70,Bb4,6,-1,quarter,0,1,1.0,rain,True,True,False,E¨,Eb,,8,1,7
Night and Day,11,70,Bb4,6,-1,quarter,0,1,1.0,"drops,",False,False,False,E¨,Eb,,8,1,7
Night and Day,11,70,Bb4,6,-1,eighth,0,1,0.5,When,True,False,False,E¨,Eb,,8,1,7
Night and Day,11,70,Bb4,6,-1,eighth,0,1,0.5,the,True,False,False,E¨,Eb,,8,1,7
Night and Day,12,71,B4,6,0,quarter,1,1,1.5,sum,True,True,False,B7,B,7,9,9,0
Night and Day,12,71,B4,6,0,eighth,0,1,0.5,mer,False,False,False,B7,B,7,9,9,0
Night and Day,12,71,B4,6,0,quarter,1,1,1.5,show'r,True,False,False,B7,B,7,9,9,0
Night and Day,12,71,B4,6,0,eighth,0,1,0.5,is,True,False,False,B7,B,7,9,9,0
Night and Day,13,72,B#4,6,1,half,1,1,3.0,through;,True,False,False,E,E,,10,2,8
Night and Day,13,70,A#4,5,1,eighth,0,1,0.5,So,True,False,False,C©º,C#,dim,8,11,9
Night and Day,13,70,A#4,5,1,eighth,0,1,0.5,a,True,False,False,C©º,C#,dim,8,11,9
Night and Day,14,69,A4,5,0,quarter,0,1,1.0,voice,True,False,False,D,D,,7,0,7
Night and Day,14,69,A4,5,0,quarter,0,1,1.0,with,True,True,False,D,D,,7,0,7
Night and Day,14,69,A4,5,0,quarter,0,1,1.0,in,False,False,False,D‹,D,m,7,0,7
Night and Day,14,69,A4,5,0,quarter,0,1,1.0,me,True,False,False,D‹,D,m,7,0,7
Night and Day,15,69,A4,5,0,quarter,0,1,1.0,keeps,True,False,False,A,A,,7,7,0
Night and Day,15,69,A4,5,0,quarter,0,1,1.0,re,True,True,False,A,A,,7,7,0
Night and Day,15,69,A4,5,0,quarter,0,1,1.0,peat,False,True,False,C‹6,C,m6,7,10,9
Night and Day,15,69,A4,5,0,quarter,0,1,1.0,"ing,",False,False,False,C‹6,C,m6,7,10,9
Night and Day,16,69,A4,5,0,quarter,0,1,1.0,"you,",True,False,False,D,D,,7,0,7
Night and Day,16,69,A4,5,0,eighth,0,1,0.5,,,,True,D,D,,7,0,7
Night and Day,16,69,A4,5,0,quarter,0,1,1.0,"you,",True,False,False,A7,A,7,7,7,0
Night and Day,16,69,A4,5,0,eighth,0,1,0.5,,,,True,A7,A,7,7,7,0
Night and Day,17,69,A4,5,0,quarter,0,1,1.0,you.,True,False,False,D,D,,7,0,7
Night and Day,17,69,A4,5,0,eighth,0,1,0.5,,,,True,D,D,,7,0,7
Night and Day,17,69,A4,5,0,quarter,0,1,1.0,Night,True,False,False,D6,D,6,7,0,7
Night and Day,17,69,A4,5,0,eighth,0,1,0.5,and,True,False,False,D6,D,6,7,0,7
Night and Day,17,69,A4,5,0,eighth,0,1,0.5,day,True,False,False,D6,D,6,7,0,7
Night and Day,18,69,A4,5,0,whole,0,1,4.0,,,,True,D‹,D,m,7,0,7
Night and Day,19,69,A4,5,0,half,0,1,2.0,,,,True,A7,A,7,7,7,0
Night and Day,19,67,G4,4,0,quarter,0,3,0.66667,you,True,False,False,A7,A,7,5,7,10
Night and Day,19,66,F#4,3,1,quarter,0,3,0.66667,are,True,False,False,A7,A,7,4,7,9
Night and Day,19,65,E#4,2,1,quarter,0,3,0.66667,the,True,False,False,A7,A,7,3,7,8
Night and Day,20,66,F#4,3,1,whole,0,1,4.0,"one,",True,False,False,D,D,,4,0,4
Night and Day,21,66,F#4,3,1,half,0,1,2.0,,,,True,D,D,,4,0,4
Night and Day,21,69,A4,5,0,quarter,0,1,1.0,On,True,True,False,D,D,,7,0,7
Night and Day,21,69,A4,5,0,eighth,0,1,0.5,ly,False,False,False,D,D,,7,0,7
Night and Day,21,69,A4,5,0,eighth,0,1,0.5,you,True,False,False,D,D,,7,0,7
Night and Day,22,69,A4,5,0,quarter,0,1,1.0,,,,True,D‹,D,m,7,0,7
Night and Day,22,69,A4,5,0,quarter,0,1,1.0,be,True,True,False,D‹,D,m,7,0,7
Night and Day,22,69,A4,5,0,quarter,0,1,1.0,neath,False,False,False,D‹,D,m,7,0,7
Night and Day,22,69,A4,5,0,quarter,0,1,1.0,the,True,False,False,D‹,D,m,7,0,7
Night and Day,23,69,A4,5,0,quarter,0,1,1.0,moon,True,False,False,A7,A,7,7,7,0
Night and Day,23,67,G4,4,0,quarter,0,1,1.0,and,True,False,False,A7,A,7,5,7,10
Night and Day,23,67,G4,4,0,quarter,0,3,0.66667,un,True,True,False,A7,A,7,5,7,10
Night and Day,23,66,F#4,3,1,quarter,0,3,0.66667,der,False,False,False,A7,A,7,4,7,9
Night and Day,23,65,E#4,2,1,quarter,0,3,0.66667,the,True,False,False,A7,A,7,3,7,8
Night and Day,24,66,F#4,3,1,whole,0,1,4.0,sun.,True,False,False,D,D,,4,0,4
Night and Day,25,66,F#4,3,1,half,0,1,2.0,,,,True,D,D,,4,0,4
Night and Day,25,66,F#4,3,1,quarter,1,1,1.5,Wheth,True,True,False,D,D,,4,0,4
Night and Day,25,66,F#4,3,1,eighth,0,1,0.5,er,False,False,False,D,D,,4,0,4
Night and Day,26,66,F#4,3,1,quarter,0,1,1.0,near,True,False,False,B‹,B,m,4,9,7
Night and Day,26,66,F#4,3,1,quarter,0,1,1.0,to,True,False,False,B‹,B,m,4,9,7
Night and Day,26,66,F#4,3,1,quarter,0,1,1.0,me,True,False,False,B‹,B,m,4,9,7
Night and Day,26,66,F#4,3,1,quarter,0,1,1.0,or,True,False,False,B‹,B,m,4,9,7
Night and Day,27,65,F4,3,0,half,0,1,2.0,"far,",True,False,False,B¨,Bb,,3,8,7
Night and Day,27,65,F4,3,0,eighth,0,1,0.5,,,,True,B¨,Bb,,3,8,7
Night and Day,27,65,F4,3,0,quarter,0,1,1.0,Its,True,False,False,B¨,Bb,,3,8,7
Night and Day,27,65,F4,3,0,eighth,0,1,0.5,no,True,False,False,B¨,Bb,,3,8,7
Night and Day,28,64,E4,2,0,quarter,0,1,1.0,mat,True,True,False,F©‹7,F#,m7,2,4,10
Night and Day,28,64,E4,2,0,quarter,0,1,1.0,"ter,",False,False,False,F©‹7,F#,m7,2,4,10
Night and Day,28,64,E4,2,0,quarter,0,1,1.0,dar,True,True,False,F©‹7,F#,m7,2,4,10
Night and Day,28,64,E4,2,0,quarter,0,1,1.0,"ling,",False,False,False,F©‹7,F#,m7,2,4,10
Night and Day,29,64,E4,2,0,quarter,0,1,1.0,where,True,False,False,E7,E,7,2,2,0
Night and Day,29,63,D#4,1,1,eighth,0,1,0.5,you,True,False,False,G©‹,G#,m,1,6,7
Night and Day,29,62,D4,1,0,eighth,0,1,0.5,are,True,False,False,E7,E,7,0,2,10
Night and Day,29,62,D4,1,0,quarter,0,1,1.0,,,,True,E7,E,7,0,2,10
Night and Day,29,61,C#4,0,1,quarter,0,1,1.0,I,True,False,False,C©‹,C#,m,11,11,0
Night and Day,30,59,B3,-1,0,quarter,0,1,1.0,think,True,False,False,G,G,,9,5,4
Night and Day,30,58,A#3,-2,1,eighth,0,1,0.5,of,True,False,False,G‹,G,m,8,5,3
Night and Day,30,57,A3,-2,0,eighth,0,1,0.5,you,True,False,False,G‹,G,m,7,5,2
Night and Day,30,57,A3,-2,0,half,0,1,2.0,,,,True,G,G,,7,5,2
Night and Day,31,57,A3,-2,0,half,0,1,2.0,,,,True,A7,A,7,7,7,0
Night and Day,31,69,A4,5,0,quarter,0,1,1.0,night,True,False,False,A7,A,7,7,7,0
Night and Day,31,69,A4,5,0,eighth,0,1,0.5,and,True,False,False,A7,A,7,7,7,0
Night and Day,31,69,A4,5,0,eighth,0,1,0.5,"day,",True,False,False,A7,A,7,7,7,0
Night and Day,32,69,A4,5,0,whole,0,1,4.0,,,,True,D,D,,7,0,7
Night and Day,33,69,A4,5,0,half,0,1,2.0,,,,True,D,D,,7,0,7
Night and Day,33,69,A4,5,0,quarter,0,1,1.0,Day,True,False,False,D,D,,7,0,7
Night and Day,33,69,A4,5,0,eighth,0,1,0.5,and,True,False,False,D,D,,7,0,7
Night and Day,33,69,A4,5,0,eighth,0,1,0.5,night,True,False,False,D,D,,7,0,7
Night and Day,34,69,A4,5,0,whole,0,1,4.0,,,,True,D‹,D,m,7,0,7
Night and Day,35,69,A4,5,0,half,0,1,2.0,,,,True,A7,A,7,7,7,0
Night and Day,35,67,G4,4,0,quarter,0,3,0.66667,Why,True,False,False,A7,A,7,5,7,10
Night and Day,35,66,F#4,3,1,quarter,0,3,0.66667,is,True,False,False,A7,A,7,4,7,9
Night and Day,35,65,E#4,2,1,quarter,0,3,0.66667,it,True,False,False,A7,A,7,3,7,8
Night and Day,36,66,F#4,3,1,whole,0,1,4.0,"so,",True,False,False,D,D,,4,0,4
Night and Day,37,66,F#4,3,1,half,0,1,2.0,,,,True,D,D,,4,0,4
Night and Day,37,69,A4,5,0,quarter,0,1,1.0,That,True,False,False,D,D,,7,0,7
Night and Day,37,69,A4,5,0,eighth,0,1,0.5,this,True,False,False,D,D,,7,0,7
Night and Day,37,69,A4,5,0,eighth,0,1,0.5,long,True,True,False,D,D,,7,0,7
Night and Day,38,69,A4,5,0,quarter,0,1,1.0,,,,True,D‹,D,m,7,0,7
Night and Day,38,69,A4,5,0,quarter,0,1,1.0,ing,False,False,False,D‹,D,m,7,0,7
Night and Day,38,69,A4,5,0,quarter,0,1,1.0,for,True,False,False,D‹,D,m,7,0,7
Night and Day,38,69,A4,5,0,quarter,0,1,1.0,you,True,False,False,D‹,D,m,7,0,7
Night and Day,39,70,A#4,5,1,quarter,0,3,0.66667,fol,True,True,False,A7,A,7,8,7,1
Night and Day,39,71,B4,6,0,quarter,0,3,0.66667,lows,False,False,False,A7,A,7,9,7,2
Night and Day,39,69,A4,5,0,quarter,0,3,0.66667,wher,True,True,False,A7,A,7,7,7,0
Night and Day,39,67,G4,4,0,quarter,0,3,0.66667,ev,False,True,False,A7,A,7,5,7,10
Night and Day,39,66,F#4,3,1,quarter,0,3,0.66667,er,False,False,False,A7,A,7,4,7,9
Night and Day,39,65,E#4,2,1,quarter,0,3,0.66667,I,True,False,False,A7,A,7,3,7,8
Night and Day,40,66,F#4,3,1,whole,0,1,4.0,go?,True,False,False,D,D,,4,0,4
Night and Day,41,66,F#4,3,1,half,0,1,2.0,,,,True,D,D,,4,0,4
Night and Day,41,66,F#4,3,1,quarter,1,1,1.5,In,True,False,False,D,D,,4,0,4
Night and Day,41,66,F#4,3,1,eighth,0,1,0.5,the,True,False,False,D,D,,4,0,4
Night and Day,42,66,F#4,3,1,quarter,0,1,1.0,roar,True,True,False,B‹,B,m,4,9,7
Night and Day,42,66,F#4,3,1,quarter,0,1,1.0,ing,False,False,False,B‹,B,m,4,9,7
Night and Day,42,66,F#4,3,1,eighth,0,1,0.5,traf,True,True,False,B‹,B,m,4,9,7
Night and Day,42,66,F#4,3,1,quarter,1,1,1.5,ﬁc's,False,False,False,B‹,B,m,4,9,7
Night and Day,43,65,F4,3,0,half,0,1,2.0,boom,True,False,False,B¨,Bb,,3,8,7
Night and Day,43,65,F4,3,0,eighth,0,1,0.5,,,,True,B¨,Bb,,3,8,7
Night and Day,43,65,F4,3,0,quarter,0,1,1.0,In,True,False,False,B¨,Bb,,3,8,7
Night and Day,43,65,F4,3,0,eighth,0,1,0.5,the,True,False,False,B¨,Bb,,3,8,7
Night and Day,44,64,E4,2,0,quarter,0,1,1.0,si,True,True,False,F©‹7,F#,m7,2,4,10
Night and Day,44,64,E4,2,0,quarter,0,1,1.0,lence,False,False,False,F©‹7,F#,m7,2,4,10
Night and Day,44,64,E4,2,0,quarter,0,1,1.0,of,True,False,False,F©‹7,F#,m7,2,4,10
Night and Day,44,64,E4,2,0,quarter,0,1,1.0,my,True,False,False,F©‹7,F#,m7,2,4,10
Night and Day,45,64,E4,2,0,quarter,0,1,1.0,lone,True,True,False,E7,E,7,2,2,0
Night and Day,45,63,D#4,1,1,eighth,0,1,0.5,ly,False,False,False,G©‹,G#,m,1,6,7
Night and Day,45,62,D4,1,0,eighth,0,1,0.5,"room,",True,False,False,E7,E,7,0,2,10
Night and Day,45,62,D4,1,0,quarter,0,1,1.0,,,,True,E7,E,7,0,2,10
Night and Day,45,61,C#4,0,1,quarter,0,1,1.0,I,True,False,False,C©‹,C#,m,11,11,0
Night and Day,46,59,B3,-1,0,quarter,0,1,1.0,think,True,False,False,G,G,,9,5,4
Night and Day,46,58,A#3,-2,1,eighth,0,1,0.5,of,True,False,False,G‹,G,m,8,5,3
Night and Day,46,57,A3,-2,0,eighth,0,1,0.5,"you,",True,False,False,G‹,G,m,7,5,2
Night and Day,46,57,A3,-2,0,half,0,1,2.0,,,,True,G,G,,7,5,2
Night and Day,47,57,A3,-2,0,half,0,1,2.0,,,,True,A,A,,7,7,0
Night and Day,47,69,A4,5,0,quarter,0,1,1.0,night,True,False,False,A,A,,7,7,0
Night and Day,47,69,A4,5,0,eighth,0,1,0.5,and,True,False,False,A,A,,7,7,0
Night and Day,47,69,A4,5,0,eighth,0,1,0.5,day.,True,False,False,A,A,,7,7,0
Night and Day,48,69,A4,5,0,whole,0,1,4.0,,,,True,D,D,,7,0,7
Night and Day,49,69,A4,5,0,half,0,1,2.0,,,,True,D,D,,7,0,7
Night and Day,49,69,A4,5,0,quarter,0,1,1.0,Night,True,False,False,D,D,,7,0,7
Night and Day,49,69,A4,5,0,quarter,0,1,1.0,and,True,False,False,D,D,,7,0,7
Night and Day,50,72,C5,7,0,whole,0,1,4.0,day,True,False,False,F,F,,10,3,7
Night and Day,51,73,C#5,7,1,half,0,1,2.0,,,,True,F,F,,11,3,8
Night and Day,51,69,A4,5,0,quarter,0,3,0.66667,un,True,True,False,F,F,,7,3,4
Night and Day,51,67,G4,4,0,quarter,0,3,0.66667,der,False,False,False,F,F,,5,3,2
Night and Day,51,65,F4,3,0,quarter,0,3,0.66667,the,True,False,False,F,F,,3,3,0
Night and Day,52,69,A4,5,0,quarter,0,1,1.0,hide,True,False,False,D,D,,7,0,7
Night and Day,52,69,A4,5,0,eighth,0,1,0.5,of,True,False,False,D,D,,7,0,7
Night and Day,52,69,A4,5,0,eighth,0,1,0.5,me,True,False,False,D,D,,7,0,7
Night and Day,52,69,A4,5,0,half,0,1,2.0,,,,True,D,D,,7,0,7
Night and Day,53,69,A4,5,0,half,0,1,2.0,,,,True,D,D,,7,0,7
Night and Day,53,69,A4,5,0,quarter,1,1,1.5,There's,True,False,False,D,D,,7,0,7
Night and Day,53,69,A4,5,0,eighth,0,1,0.5,an,True,False,False,D,D,,7,0,7
Night and Day,54,72,C5,7,0,eighth,0,1,0.5,"Oh,",True,False,False,F,F,,10,3,7
Night and Day,54,74,D5,8,0,quarter,0,1,1.0,such,True,False,False,F,F,,0,3,9
Night and Day,54,72,C5,7,0,eighth,0,1,0.5,a,True,False,False,G‹,G,m,10,5,5
Night and Day,54,74,D5,8,0,quarter,0,1,1.0,hun,True,True,False,G‹,G,m,0,5,7
Night and Day,54,72,C5,7,0,eighth,0,1,0.5,gry,False,False,False,F,F,,10,3,7
Night and Day,54,74,D5,8,0,eighth,0,1,0.5,yearn,True,False,False,F,F,,0,3,9
Night and Day,55,75,D#5,8,1,eighth,0,1,0.5,,,,True,G‹,G,m,1,5,8
Night and Day,55,72,C5,7,0,quarter,0,1,1.0,ing,True,False,False,G‹,G,m,10,5,5
Night and Day,55,69,A4,5,0,eighth,0,1,0.5,burn,True,True,False,F,F,,7,3,4
Night and Day,55,69,A4,5,0,quarter,0,3,0.66667,,,,True,F,F,,7,3,4
Night and Day,55,67,G4,4,0,quarter,0,3,0.66667,ing,False,False,False,F,F,,5,3,2
Night and Day,55,65,F4,3,0,quarter,0,3,0.66667,in,True,True,False,F,F,,3,3,0
Night and Day,56,69,A4,5,0,quarter,0,1,1.0,side,False,False,False,D,D,,7,0,7
Night and Day,56,69,A4,5,0,eighth,0,1,0.5,of,True,False,False,D,D,,7,0,7
Night and Day,56,69,A4,5,0,eighth,0,1,0.5,me.,True,False,False,D,D,,7,0,7
Night and Day,56,69,A4,5,0,half,0,1,2.0,,,,True,D,D,,7,0,7
Night and Day,57,69,A4,5,0,half,0,1,2.0,,,,True,D,D,,7,0,7
Night and Day,57,66,F#4,3,1,quarter,1,1,1.5,And,True,False,False,D,D,,4,0,4
Night and Day,57,66,F#4,3,1,eighth,0,1,0.5,its,True,False,False,D,D,,4,0,4
Night and Day,58,66,F#4,3,1,quarter,0,1,1.0,tor,True,True,False,B‹,B,m,4,9,7
Night and Day,58,66,F#4,3,1,quarter,0,1,1.0,ment,False,False,False,B‹,B,m,4,9,7
Night and Day,58,66,F#4,3,1,quarter,0,1,1.0,won't,True,False,False,B‹,B,m,4,9,7
Night and Day,58,66,F#4,3,1,quarter,0,1,1.0,be,True,False,False,B‹,B,m,4,9,7
Night and Day,59,65,F4,3,0,half,0,1,2.0,through,True,False,False,B¨,Bb,,3,8,7
Night and Day,59,65,F4,3,0,eighth,0,1,0.5,,,,True,B¨,Bb,,3,8,7
Night and Day,59,65,F4,3,0,quarter,0,1,1.0,'Til,True,False,False,B¨,Bb,,3,8,7
Night and Day,59,65,F4,3,0,eighth,0,1,0.5,you,True,False,False,B¨,Bb,,3,8,7
Night and Day,60,64,E4,2,0,quarter,0,1,1.0,let,True,False,False,F©‹7,F#,m7,2,4,10
Night and Day,60,64,E4,2,0,quarter,0,1,1.0,me,True,False,False,F©‹7,F#,m7,2,4,10
Night and Day,60,64,E4,2,0,quarter,0,1,1.0,spend,True,False,False,F©‹7,F#,m7,2,4,10
Night and Day,60,64,E4,2,0,quarter,0,1,1.0,my,True,False,False,F©‹7,F#,m7,2,4,10
Night and Day,61,64,E4,2,0,eighth,0,1,0.5,life,True,False,False,E7,E,7,2,2,0
Night and Day,61,63,D#4,1,1,eighth,0,1,0.5,mak,True,True,False,E7,E,7,1,2,11
Night and Day,61,62,D4,1,0,eighth,0,1,0.5,ing,False,False,False,E7,E,7,0,2,10
Night and Day,61,73,C#5,7,1,eighth,0,1,0.5,love,True,False,False,E7,E,7,11,2,9
Night and Day,61,73,C#5,7,1,eighth,0,1,0.5,,,,True,E7,E,7,11,2,9
Night and Day,61,72,C5,7,0,eighth,0,1,0.5,to,True,False,False,E7,E,7,10,2,8
Night and Day,61,71,B4,6,0,quarter,0,1,1.0,"you,",True,False,False,E7,E,7,9,2,7
Night and Day,62,69,A4,5,0,quarter,0,1,1.0,day,True,False,False,E‹7,E,m7,7,2,5
Night and Day,62,69,A4,5,0,eighth,0,1,0.5,and,True,False,False,E‹7,E,m7,7,2,5
Night and Day,62,69,A4,5,0,eighth,0,1,0.5,"night,",True,False,False,E‹7,E,m7,7,2,5
Night and Day,62,69,A4,5,0,half,0,1,2.0,,,,True,E‹7,E,m7,7,2,5
Night and Day,63,69,A4,5,0,half,0,1,2.0,,,,True,A7,A,7,7,7,0
Night and Day,63,74,D5,8,0,quarter,0,1,1.0,night,True,False,False,E‹7,E,m7,0,2,10
Night and Day,63,74,D5,8,0,eighth,0,1,0.5,and,True,False,False,E‹7,E,m7,0,2,10
Night and Day,63,74,D5,8,0,eighth,0,1,0.5,day.,True,False,False,E‹7,E,m7,0,2,10
Night and Day,64,74,D5,8,0,whole,0,1,4.0,,,,True,D,D,,0,0,0
Anything Goes,1,72,C5,7,0,half,1,1,3.0,Times,True,False,False,C‹,C,m,0,0,0
Anything Goes,1,67,G4,4,0,quarter,0,1,1.0,have,True,False,False,C‹,C,m,7,0,7
Anything Goes,2,63,Eb4,2,-1,eighth,0,1,0.5,changed,True,False,False,A¨,Ab,,3,8,7
Anything Goes,2,60,C4,0,0,quarter,1,1,1.5,,,,True,A¨,Ab,,0,8,4
Anything Goes,2,60,C4,0,0,half,0,1,2.0,,,,True,A¨,Ab,,0,8,4
Anything Goes,3,60,C4,0,0,eighth,0,1,0.5,and,True,False,False,C‹,C,m,0,0,0
Anything Goes,3,62,D4,1,0,eighth,0,1,0.5,we've,True,False,False,C‹,C,m,2,0,2
Anything Goes,3,63,Eb4,2,-1,eighth,0,1,0.5,of,True,True,False,C‹,C,m,3,0,3
Anything Goes,3,62,D4,1,0,eighth,0,1,0.5,ten,False,False,False,C‹,C,m,2,0,2
Anything Goes,3,60,C4,0,0,quarter,0,1,1.0,re,True,True,False,C‹,C,m,0,0,0
Anything Goes,4,63,Eb4,2,-1,quarter,0,1,1.0,wound,False,False,False,C‹,C,m,3,0,3
Anything Goes,4,65,F4,3,0,eighth,0,1,0.5,the,True,False,False,G7,G,7,5,7,10
Anything Goes,4,67,G4,4,0,eighth,0,1,0.5,clock,True,False,False,C‹,C,m,7,0,7
Anything Goes,4,67,G4,4,0,half,0,1,2.0,,,,True,C‹,C,m,7,0,7
Anything Goes,5,61,Db4,1,-1,eighth,0,1,0.5,since,True,False,False,D¨,Db,,1,1,0
Anything Goes,5,63,Eb4,2,-1,eighth,0,1,0.5,the,True,False,False,D¨,Db,,3,1,2
Anything Goes,5,65,F4,3,0,eighth,0,1,0.5,Pur,True,True,False,D¨,Db,,5,1,4
Anything Goes,5,63,Eb4,2,-1,eighth,0,1,0.5,i,False,True,False,D¨,Db,,3,1,2
Anything Goes,5,61,Db4,1,-1,quarter,0,1,1.0,tans,False,False,False,D¨,Db,,1,1,0
Anything Goes,6,65,F4,3,0,quarter,0,1,1.0,got,True,False,False,D¨,Db,,5,1,4
Anything Goes,6,66,Gb4,4,-1,eighth,0,1,0.5,a,True,False,False,A¨7,Ab,7,6,8,10
Anything Goes,6,68,Ab4,5,-1,eighth,0,1,0.5,shock,True,False,False,D¨,Db,,8,1,7
Anything Goes,6,68,Ab4,5,-1,half,0,1,2.0,,,,True,D¨,Db,,8,1,7
Anything Goes,7,67,G4,4,0,eighth,0,1,0.5,when,True,False,False,G7,G,7,7,7,0
Anything Goes,7,69,A4,5,0,eighth,0,1,0.5,they,True,False,False,G7,G,7,9,7,2
Anything Goes,7,71,B4,6,0,eighth,0,1,0.5,land,True,True,False,G7,G,7,11,7,4
Anything Goes,7,69,A4,5,0,eighth,0,1,0.5,ed,False,False,False,G7,G,7,9,7,2
Anything Goes,7,67,G4,4,0,quarter,0,1,1.0,on,True,False,False,G7,G,7,7,7,0
Anything Goes,8,71,B4,6,0,quarter,0,1,1.0,Ply,True,True,False,G7,G,7,11,7,4
Anything Goes,8,72,C5,7,0,eighth,0,1,0.5,mouth,False,False,False,D‹7,D,m7,0,2,10
Anything Goes,8,74,D5,8,0,eighth,0,1,0.5,Rock.,True,False,False,G7,G,7,2,7,7
Anything Goes,8,74,D5,8,0,quarter,0,1,1.0,,,,True,G7,G,7,2,7,7
Anything Goes,9,72,C5,7,0,half,1,1,3.0,If,True,False,False,C7,C,7,0,0,0
Anything Goes,9,67,G4,4,0,quarter,0,1,1.0,to,True,True,False,C7,C,7,7,0,7
Anything Goes,10,64,E4,2,0,eighth,0,1,0.5,day,False,False,False,C7,C,7,4,0,4
Anything Goes,10,60,C4,0,0,quarter,1,1,1.5,,,,True,C7,C,7,0,0,0
Anything Goes,10,60,C4,0,0,half,0,1,2.0,,,,True,C7,C,7,0,0,0
Anything Goes,11,60,C4,0,0,eighth,0,1,0.5,a,True,True,False,C7,C,7,0,0,0
Anything Goes,11,62,D4,1,0,eighth,0,1,0.5,ny,False,False,False,C7,C,7,2,0,2
Anything Goes,11,64,E4,2,0,eighth,0,1,0.5,shock,True,False,False,C7,C,7,4,0,4
Anything Goes,11,62,D4,1,0,eighth,0,1,0.5,they,True,False,False,C7,C,7,2,0,2
Anything Goes,11,60,C4,0,0,quarter,0,1,1.0,should,True,False,False,C7,C,7,0,0,0
Anything Goes,12,65,F4,3,0,quarter,0,1,1.0,try,True,False,False,F‹,F,m,5,5,0
Anything Goes,12,67,G4,4,0,eighth,0,1,0.5,to,True,False,False,C7,C,7,7,0,7
Anything Goes,12,68,Ab4,5,-1,eighth,0,1,0.5,"stem,",True,False,False,F‹,F,m,8,5,3
Anything Goes,12,68,Ab4,5,-1,quarter,0,1,1.0,,,,True,F‹,F,m,8,5,3
Anything Goes,13,67,G4,4,0,eighth,0,1,0.5,'stead,True,False,False,G7,G,7,7,7,0
Anything Goes,13,69,A4,5,0,eighth,0,1,0.5,of,True,False,False,G7,G,7,9,7,2
Anything Goes,13,71,B4,6,0,eighth,0,1,0.5,land,True,True,False,G7,G,7,11,7,4
Anything Goes,13,69,A4,5,0,eighth,0,1,0.5,ing,False,False,False,G7,G,7,9,7,2
Anything Goes,13,67,G4,4,0,quarter,0,1,1.0,on,True,False,False,G7,G,7,7,7,0
Anything Goes,14,72,C5,7,0,quarter,0,1,1.0,Ply,True,True,False,C‹,C,m,0,0,0
Anything Goes,14,74,D5,8,0,eighth,0,1,0.5,mouth,False,False,False,G7,G,7,2,7,7
Anything Goes,14,75,Eb5,9,-1,eighth,0,1,0.5,"Rock,",True,False,False,C‹,C,m,3,0,3
Anything Goes,14,75,Eb5,9,-1,quarter,0,1,1.0,,,,True,C‹,C,m,3,0,3
Anything Goes,14,74,D5,8,0,eighth,0,1,0.5,Ply,True,True,False,C‹,C,m,2,0,2
Anything Goes,14,72,C5,7,0,eighth,0,1,0.5,mouth,False,False,False,C‹,C,m,0,0,0
Anything Goes,15,74,D5,8,0,quarter,0,1,1.0,Rock,True,False,False,G,G,,2,7,7
Anything Goes,15,74,D5,8,0,quarter,0,1,1.0,would,True,False,False,G,G,,2,7,7
Anything Goes,15,74,D5,8,0,quarter,0,1,1.0,land,True,False,False,D7,D,7,2,2,0
Anything Goes,15,74,D5,8,0,quarter,0,1,1.0,on,True,False,False,D7,D,7,2,2,0
Anything Goes,16,71,B4,6,0,eighth,0,1,0.5,them.,True,False,False,G7,G,7,11,7,4
Anything Goes,16,67,G4,4,0,quarter,1,1,1.5,,,,True,G7,G,7,7,7,0
Anything Goes,16,67,G4,4,0,quarter,0,1,1.0,(In),True,False,False,G7,G,7,7,7,0
Anything Goes,17,67,G4,4,0,quarter,0,1,1.0,old,True,True,False,C6,C,6,7,0,7
Anything Goes,17,69,A4,5,0,quarter,0,1,1.0,en,False,False,False,C6,C,6,9,0,9
Anything Goes,17,64,E4,2,0,quarter,0,1,1.0,days,True,False,False,C6,C,6,4,0,4
Anything Goes,17,67,G4,4,0,quarter,0,1,1.0,a,True,False,False,C6,C,6,7,0,7
Anything Goes,18,69,A4,5,0,quarter,0,1,1.0,glimpse,True,False,False,C6,C,6,9,0,9
Anything Goes,18,67,G4,4,0,eighth,0,1,0.5,of,True,False,False,C6,C,6,7,0,7
Anything Goes,18,69,A4,5,0,eighth,0,1,0.5,stock,True,True,False,C6,C,6,9,0,9
Anything Goes,18,69,A4,5,0,eighth,0,1,0.5,,,,True,C6,C,6,9,0,9
Anything Goes,18,67,G4,4,0,eighth,0,1,0.5,ing,False,False,False,C6,C,6,7,0,7
Anything Goes,18,64,E4,2,0,quarter,0,1,1.0,was,True,False,False,C6,C,6,4,0,4
Anything Goes,19,67,G4,4,0,eighth,0,1,0.5,looked,True,False,False,C6,C,6,7,0,7
Anything Goes,19,69,A4,5,0,quarter,0,1,1.0,on,True,False,False,C6,C,6,9,0,9
Anything Goes,19,64,E4,2,0,eighth,0,1,0.5,as,True,False,False,C6,C,6,4,0,4
Anything Goes,19,67,G4,4,0,quarter,0,1,1.0,some,True,True,False,C6,C,6,7,0,7
Anything Goes,19,69,A4,5,0,eighth,0,1,0.5,thing,False,False,False,C6,C,6,9,0,9
Anything Goes,19,72,C5,7,0,eighth,0,1,0.5,shock,True,True,False,C6,C,6,0,0,0
Anything Goes,20,72,C5,7,0,eighth,0,1,0.5,,,,True,C6,C,6,0,0,0
Anything Goes,20,69,A4,5,0,eighth,0,1,0.5,"ing,",False,False,False,C6,C,6,9,0,9
Anything Goes,20,72,C5,7,0,quarter,0,1,1.0,now,True,False,False,C6,C,6,0,0,0
Anything Goes,20,74,D5,8,0,quarter,0,1,1.0,heav,True,True,False,C9,C,9,2,0,2
Anything Goes,20,76,E5,9,0,quarter,0,1,1.0,en,False,False,False,C9,C,9,4,0,4
Anything Goes,21,74,D5,8,0,whole,0,1,4.0,"knows,",True,False,False,F6,F,6,2,5,9
Anything Goes,22,74,D5,8,0,quarter,0,1,1.0,,,,True,D‹7,D,m7,2,2,0
Anything Goes,22,72,C5,7,0,eighth,0,1,0.5,a,True,True,False,F‹6,F,m6,0,5,7
Anything Goes,22,72,C5,7,0,eighth,0,1,0.5,ny,False,True,False,F‹6,F,m6,0,5,7
Anything Goes,22,72,C5,7,0,quarter,0,1,1.0,thing,False,False,False,F‹6,F,m6,0,5,7
Anything Goes,23,72,C5,7,0,whole,0,1,4.0,goes.,True,False,False,C6 A‹7,C,6 Am7,0,0,0
Anything Goes,24,72,C5,7,0,quarter,0,1,1.0,,,,True,D‹7,D,m7,0,2,10
Anything Goes,24,67,G4,4,0,quarter,0,1,1.0,Good,True,False,False,G7,G,7,7,7,0
Anything Goes,25,67,G4,4,0,quarter,0,1,1.0,au,True,True,False,C6,C,6,7,0,7
Anything Goes,25,69,A4,5,0,quarter,0,1,1.0,"thors,",False,False,False,C6,C,6,9,0,9
Anything Goes,25,64,E4,2,0,quarter,0,1,1.0,"too,",True,False,False,C6,C,6,4,0,4
Anything Goes,25,67,G4,4,0,quarter,0,1,1.0,who,True,False,False,C6,C,6,7,0,7
Anything Goes,26,69,A4,5,0,quarter,0,1,1.0,once,True,False,False,C6,C,6,9,0,9
Anything Goes,26,67,G4,4,0,eighth,0,1,0.5,knew,True,False,False,C6,C,6,7,0,7
Anything Goes,26,69,A4,5,0,eighth,0,1,0.5,be,True,True,False,C6,C,6,9,0,9
Anything Goes,26,69,A4,5,0,eighth,0,1,0.5,,,,True,C6,C,6,9,0,9
Anything Goes,26,67,G4,4,0,eighth,0,1,0.5,ter,False,False,False,C6,C,6,7,0,7
Anything Goes,26,64,E4,2,0,quarter,0,1,1.0,words,True,False,False,C6,C,6,4,0,4
Anything Goes,27,67,G4,4,0,eighth,0,1,0.5,now,True,False,False,C6,C,6,7,0,7
Anything Goes,27,69,A4,5,0,quarter,0,1,1.0,on,True,True,False,C6,C,6,9,0,9
Anything Goes,27,64,E4,2,0,eighth,0,1,0.5,ly,False,False,False,C6,C,6,4,0,4
Anything Goes,27,67,G4,4,0,quarter,0,1,1.0,use,True,False,False,C6,C,6,7,0,7
Anything Goes,27,69,A4,5,0,eighth,0,1,0.5,four,True,False,False,C6,C,6,9,0,9
Anything Goes,27,72,C5,7,0,eighth,0,1,0.5,let,True,True,False,C6,C,6,0,0,0
Anything Goes,28,72,C5,7,0,eighth,0,1,0.5,,,,True,C6,C,6,0,0,0
Anything Goes,28,69,A4,5,0,eighth,0,1,0.5,ter,False,False,False,C6,C,6,9,0,9
Anything Goes,28,72,C5,7,0,quarter,0,1,1.0,words,True,False,False,C6,C,6,0,0,0
Anything Goes,28,74,D5,8,0,quarter,0,1,1.0,writ,True,True,False,C9,C,9,2,0,2
Anything Goes,28,76,E5,9,0,quarter,0,1,1.0,ing,False,False,False,C9,C,9,4,0,4
Anything Goes,29,74,D5,8,0,whole,0,1,4.0,"prose,",True,False,False,F6,F,6,2,5,9
Anything Goes,30,74,D5,8,0,quarter,0,1,1.0,,,,True,D‹7,D,m7,2,2,0
Anything Goes,30,72,C5,7,0,eighth,0,1,0.5,a,True,True,False,F‹6,F,m6,0,5,7
Anything Goes,30,72,C5,7,0,eighth,0,1,0.5,ny,False,True,False,F‹6,F,m6,0,5,7
Anything Goes,30,72,C5,7,0,quarter,0,1,1.0,thing,False,False,False,F‹6,F,m6,0,5,7
Anything Goes,31,72,C5,7,0,whole,0,1,4.0,goes.,True,False,False,C6,C,6,0,0,0
Anything Goes,32,71,B4,6,0,eighth,0,1,0.5,The,True,False,False,B7,B,7,11,11,0
Anything Goes,32,71,B4,6,0,eighth,0,1,0.5,world,True,False,False,B7,B,7,11,11,0
Anything Goes,32,71,B4,6,0,eighth,0,1,0.5,,,,True,B7,B,7,11,11,0
Anything Goes,32,71,B4,6,0,eighth,0,1,0.5,has,True,False,False,B7,B,7,11,11,0
Anything Goes,32,71,B4,6,0,quarter,0,1,1.0,gone,True,False,False,B7,B,7,11,11,0
Anything Goes,33,71,B4,6,0,quarter,0,1,1.0,mad,True,False,False,E,E,,11,4,7
Anything Goes,33,71,B4,6,0,eighth,0,1,0.5,to,True,True,False,E,E,,11,4,7
Anything Goes,33,71,B4,6,0,eighth,0,1,0.5,"day,",False,False,False,E,E,,11,4,7
Anything Goes,33,71,B4,6,0,eighth,0,1,0.5,,,,True,E,E,,11,4,7
Anything Goes,33,71,B4,6,0,eighth,0,1,0.5,and,True,False,False,E,E,,11,4,7
Anything Goes,33,71,B4,6,0,quarter,0,1,1.0,good's,True,False,False,E,E,,11,4,7
Anything Goes,34,73,C#5,7,1,quarter,0,1,1.0,bad,True,False,False,B7(„ˆˆ2),B,7(add2),1,11,2
Anything Goes,34,71,B4,6,0,eighth,0,1,0.5,to,True,True,False,B7(„ˆˆ2),B,7(add2),11,11,0
Anything Goes,34,71,B4,6,0,eighth,0,1,0.5,"day,",False,False,False,B7(„ˆˆ2),B,7(add2),11,11,0
Anything Goes,34,71,B4,6,0,eighth,0,1,0.5,,,,True,B7(„ˆˆ2),B,7(add2),11,11,0
Anything Goes,34,71,B4,6,0,eighth,0,1,0.5,and,True,False,False,B7(„ˆˆ2),B,7(add2),11,11,0
Anything Goes,34,71,B4,6,0,quarter,0,1,1.0,black'swhite,True,False,False,B7(„ˆˆ2),B,7(add2),11,11,0
Anything Goes,35,74,D5,8,0,quarter,0,1,1.0,,,,True,E7,E,7,2,4,10
Anything Goes,35,71,B4,6,0,eighth,0,1,0.5,to,True,True,False,E7,E,7,11,4,7
Anything Goes,35,71,B4,6,0,eighth,0,1,0.5,"day,",False,False,False,E7,E,7,11,4,7
Anything Goes,35,71,B4,6,0,eighth,0,1,0.5,,,,True,E7,E,7,11,4,7
Anything Goes,35,71,B4,6,0,eighth,0,1,0.5,and,True,False,False,E7,E,7,11,4,7
Anything Goes,35,71,B4,6,0,quarter,0,1,1.0,day's,True,False,False,E7,E,7,11,4,7
Anything Goes,36,75,D#5,8,1,quarter,0,1,1.0,night,True,False,False,B7,B,7,3,11,4
Anything Goes,36,71,B4,6,0,eighth,0,1,0.5,to,True,True,False,B7,B,7,11,11,0
Anything Goes,36,71,B4,6,0,eighth,0,1,0.5,"day,",False,False,False,B7,B,7,11,11,0
Anything Goes,36,71,B4,6,0,eighth,0,1,0.5,when,True,False,False,B7,B,7,11,11,0
Anything Goes,36,71,B4,6,0,eighth,0,1,0.5,,,,True,B7,B,7,11,11,0
Anything Goes,36,71,B4,6,0,quarter,0,1,1.0,most,True,False,False,B7,B,7,11,11,0
Anything Goes,37,76,E5,9,0,quarter,0,1,1.0,guys,True,False,False,E‹,E,m,4,4,0
Anything Goes,37,71,B4,6,0,eighth,0,1,0.5,to,True,True,False,E‹,E,m,11,4,7
Anything Goes,37,71,B4,6,0,eighth,0,1,0.5,"day,",False,False,False,E‹,E,m,11,4,7
Anything Goes,37,71,B4,6,0,eighth,0,1,0.5,,,,True,E‹,E,m,11,4,7
Anything Goes,37,70,A#4,5,1,eighth,0,1,0.5,that,True,False,False,E‹,E,m,10,4,6
Anything Goes,37,71,B4,6,0,eighth,0,1,0.5,wo,True,True,False,E‹,E,m,11,4,7
Anything Goes,37,70,A#4,5,1,eighth,0,1,0.5,men,False,False,False,E‹,E,m,10,4,6
Anything Goes,38,71,B4,6,0,quarter,0,1,1.0,prize,True,False,False,G/D,G,/D,11,7,4
Anything Goes,38,64,E4,2,0,eighth,0,1,0.5,to,True,True,False,G/D,G,/D,4,7,9
Anything Goes,38,64,E4,2,0,eighth,0,1,0.5,day,False,False,False,G/D,G,/D,4,7,9
Anything Goes,38,64,E4,2,0,eighth,0,1,0.5,,,,True,G/D,G,/D,4,7,9
Anything Goes,38,63,D#4,1,1,eighth,0,1,0.5,are,True,False,False,G/D,G,/D,3,7,8
Anything Goes,38,64,E4,2,0,quarter,0,1,1.0,just,True,False,False,G/D,G,/D,4,7,9
Anything Goes,39,64,E4,2,0,eighth,0,1,0.5,sil,True,True,False,C©‹7,C#,m7,4,1,3
Anything Goes,39,64,E4,2,0,eighth,0,1,0.5,ly,False,False,False,C©‹7,C#,m7,4,1,3
Anything Goes,39,63,D#4,1,1,quarter,0,1,1.0,gi,True,True,False,C©‹7,C#,m7,3,1,2
Anything Goes,39,64,E4,2,0,quarter,0,1,1.0,go,False,True,False,C©‹7,C#,m7,4,1,3
Anything Goes,39,67,G4,4,0,quarter,0,1,1.0,los.,False,False,False,G7,G,7,7,7,0
Anything Goes,40,67,G4,4,0,half,0,1,2.0,,,,True,G7,G,7,7,7,0
Anything Goes,40,67,G4,4,0,quarter,0,1,1.0,So,True,False,False,G7,G,7,7,7,0
Anything Goes,41,67,G4,4,0,quarter,0,1,1.0,though,True,False,False,C6,C,6,7,0,7
Anything Goes,41,69,A4,5,0,quarter,0,1,1.0,I'm,True,False,False,C6,C,6,9,0,9
Anything Goes,41,64,E4,2,0,quarter,0,1,1.0,not,True,False,False,C6,C,6,4,0,4
Anything Goes,41,67,G4,4,0,quarter,0,1,1.0,a,True,False,False,C6,C,6,7,0,7
Anything Goes,42,69,A4,5,0,quarter,0,1,1.0,great,True,False,False,C6,C,6,9,0,9
Anything Goes,42,67,G4,4,0,eighth,0,1,0.5,ro,True,True,False,C6,C,6,7,0,7
Anything Goes,42,69,A4,5,0,eighth,0,1,0.5,man,False,True,False,C6,C,6,9,0,9
Anything Goes,42,69,A4,5,0,eighth,0,1,0.5,,,,True,C6,C,6,9,0,9
Anything Goes,42,67,G4,4,0,eighth,0,1,0.5,cer,False,False,False,C6,C,6,7,0,7
Anything Goes,42,64,E4,2,0,quarter,0,1,1.0,I,True,False,False,C6,C,6,4,0,4
Anything Goes,43,67,G4,4,0,eighth,0,1,0.5,know,True,False,False,C6,C,6,7,0,7
Anything Goes,43,69,A4,5,0,quarter,0,1,1.0,that,True,False,False,C6,C,6,9,0,9
Anything Goes,43,64,E4,2,0,eighth,0,1,0.5,you're,True,False,False,C6,C,6,4,0,4
Anything Goes,43,67,G4,4,0,quarter,0,1,1.0,bound,True,False,False,C6,C,6,7,0,7
Anything Goes,43,69,A4,5,0,eighth,0,1,0.5,to,True,False,False,C6,C,6,9,0,9
Anything Goes,43,72,C5,7,0,eighth,0,1,0.5,an,True,True,False,C6,C,6,0,0,0
Anything Goes,44,72,C5,7,0,eighth,0,1,0.5,,,,True,C6,C,6,0,0,0
Anything Goes,44,69,A4,5,0,eighth,0,1,0.5,swer,False,False,False,C6,C,6,9,0,9
Anything Goes,44,72,C5,7,0,quarter,0,1,1.0,when,True,False,False,C6,C,6,0,0,0
Anything Goes,44,74,D5,8,0,quarter,0,1,1.0,I,True,False,False,C9,C,9,2,0,2
Anything Goes,44,76,E5,9,0,quarter,0,1,1.0,pro,True,True,False,C9,C,9,4,0,4
Anything Goes,45,74,D5,8,0,whole,0,1,4.0,"pose,",False,False,False,F6,F,6,2,5,9
Anything Goes,46,74,D5,8,0,quarter,0,1,1.0,,,,True,D‹7,D,m7,2,2,0
Anything Goes,46,76,E5,9,0,eighth,0,1,0.5,a,True,True,False,D‹7/G,D,m7/G,4,2,2
Anything Goes,46,74,D5,8,0,eighth,0,1,0.5,ny,False,True,False,D‹7/G,D,m7/G,2,2,0
Anything Goes,46,72,C5,7,0,quarter,0,1,1.0,thing,False,False,False,D‹7/G,D,m7/G,0,2,10
Anything Goes,47,72,C5,7,0,whole,0,1,4.0,goes.,True,False,False,C,C,,0,0,0
I've Got You Under My Skin,1,70,Bb4,6,-1,quarter,0,1,1.0,I've,True,False,False,,,,7,,
I've Got You Under My Skin,2,72,C5,7,0,half,0,1,2.0,got,True,False,False,,,,9,,
I've Got You Under My Skin,2,72,C5,7,0,half,0,1,2.0,you,True,False,False,Fm7,F,m7,9,2,7
I've Got You Under My Skin,3,72,C5,7,0,half,0,1,2.0,,,,True,B¨9,Bb,9,9,7,2
I've Got You Under My Skin,3,70,Bb4,6,-1,eighth,0,1,0.5,un,True,True,False,B¨9,Bb,9,7,7,0
I've Got You Under My Skin,3,68,Ab4,5,-1,quarter,0,1,1.0,der,False,False,False,B¨9,Bb,9,5,7,10
I've Got You Under My Skin,3,67,G4,4,0,eighth,0,1,0.5,my,True,False,False,B¨9,Bb,9,4,7,9
I've Got You Under My Skin,4,67,G4,4,0,whole,0,1,4.0,skin,True,False,False,Eb^,Eb,maj,4,0,4
I've Got You Under My Skin,5,67,G4,4,0,half,0,1,2.0,,,,True,/Gm7,/,Gm7,4,,
I've Got You Under My Skin,5,70,Bb4,6,-1,quarter,0,1,1.0,I've,True,False,False,C7,C,7,7,9,10
I've Got You Under My Skin,6,72,C5,7,0,half,0,1,2.0,got,True,False,False,Fm7,F,m7,9,2,7
I've Got You Under My Skin,6,72,C5,7,0,half,0,1,2.0,you,True,False,False,Fm7,F,m7,9,2,7
I've Got You Under My Skin,7,72,C5,7,0,half,0,1,2.0,,,,True,B¨9,Bb,9,9,7,2
I've Got You Under My Skin,7,70,Bb4,6,-1,eighth,0,1,0.5,deep,True,False,False,B¨9,Bb,9,7,7,0
I've Got You Under My Skin,7,68,Ab4,5,-1,quarter,0,1,1.0,in,True,False,False,B¨9,Bb,9,5,7,10
I've Got You Under My Skin,7,67,G4,4,0,eighth,0,1,0.5,the,True,False,False,B¨9,Bb,9,4,7,9
I've Got You Under My Skin,8,65,F4,3,0,quarter,1,1,1.5,heart,True,False,False,Eb^,Eb,maj,2,0,2
I've Got You Under My Skin,8,67,G4,4,0,eighth,0,1,0.5,of,True,False,False,Eb^,Eb,maj,4,0,4
I've Got You Under My Skin,8,67,G4,4,0,half,0,1,2.0,me,True,False,False,Eb^,Eb,maj,4,0,4
I've Got You Under My Skin,9,67,G4,4,0,half,1,1,3.0,,,,True,/Gm7,/,Gm7,4,,
I've Got You Under My Skin,9,67,G4,4,0,quarter,0,1,1.0,so,True,False,False,C7,C,7,4,9,7
I've Got You Under My Skin,10,68,Ab4,5,-1,quarter,0,1,1.0,deep,True,False,False,Fm7,F,m7,5,2,3
I've Got You Under My Skin,10,68,Ab4,5,-1,eighth,0,1,0.5,in,True,False,False,Fm7,F,m7,5,2,3
I've Got You Under My Skin,10,68,Ab4,5,-1,eighth,0,1,0.5,my,True,False,False,Fm7,F,m7,5,2,3
I've Got You Under My Skin,10,68,Ab4,5,-1,half,0,1,2.0,heart,True,False,False,Fm7,F,m7,5,2,3
I've Got You Under My Skin,11,68,Ab4,5,-1,quarter,0,1,1.0,,,,True,Bb7,Bb,7,5,7,10
I've Got You Under My Skin,11,67,G4,4,0,quarter,0,1,1.0,you're,True,False,False,Bb7,Bb,7,4,7,9
I've Got You Under My Skin,11,67,G4,4,0,eighth,0,1,0.5,real,True,True,False,Bb7,Bb,7,4,7,9
I've Got You Under My Skin,11,65,F4,3,0,quarter,0,1,1.0,ly,False,False,False,Bb7,Bb,7,2,7,7
I've Got You Under My Skin,11,63,Eb4,2,-1,eighth,0,1,0.5,a,True,False,False,Bb7,Bb,7,0,7,5
I've Got You Under My Skin,12,62,D4,1,0,quarter,1,1,1.5,part,True,False,False,Eb^,Eb,maj,11,0,11
I've Got You Under My Skin,12,60,C4,0,0,eighth,0,1,0.5,of,True,False,False,Eb^,Eb,maj,9,0,9
I've Got You Under My Skin,12,60,C4,0,0,half,0,1,2.0,me,True,False,False,Eb^,Eb,maj,9,0,9
I've Got You Under My Skin,13,60,C4,0,0,half,0,1,2.0,,,,True,/Gm7,/,Gm7,9,,
I've Got You Under My Skin,13,62,D4,1,0,quarter,0,1,1.0,I've,True,False,False,C7,C,7,11,9,2
I've Got You Under My Skin,14,63,Eb4,2,-1,half,0,1,2.0,got,True,False,False,Fm7,F,m7,0,2,10
I've Got You Under My Skin,14,63,Eb4,2,-1,half,0,1,2.0,you,True,False,False,Fm7,F,m7,0,2,10
I've Got You Under My Skin,15,63,Eb4,2,-1,half,0,1,2.0,,,,True,Bb7sus4,Bb,7sus4,0,7,5
I've Got You Under My Skin,15,62,D4,1,0,eighth,0,1,0.5,un,True,False,False,Bb7b9,Bb,7b9,11,7,4
I've Got You Under My Skin,15,60,C4,0,0,quarter,0,1,1.0,der,True,True,False,Bb7b9,Bb,7b9,9,7,2
I've Got You Under My Skin,15,58,Bb3,-1,-1,eighth,0,1,0.5,my,False,False,False,Bb7b9,Bb,7b9,7,7,0
I've Got You Under My Skin,16,58,Bb3,-1,-1,whole,0,1,4.0,skin,True,False,False,E¨^,Eb,maj,7,0,7
I've Got You Under My Skin,17,58,Bb3,-1,-1,half,0,1,2.0,,,,True,E¨^,Eb,maj,7,0,7
I've Got You Under My Skin,17,70,Bb4,6,-1,quarter,0,1,1.0,I,True,False,False,C7,C,7,7,9,10
I've Got You Under My Skin,18,72,C5,7,0,half,0,1,2.0,tried,True,False,False,Fm7,F,m7,9,2,7
I've Got You Under My Skin,18,72,C5,7,0,half,0,1,2.0,so,True,False,False,Fm7,F,m7,9,2,7
I've Got You Under My Skin,19,72,C5,7,0,half,0,1,2.0,,,,True,B¨9,Bb,9,9,7,2
I've Got You Under My Skin,19,70,Bb4,6,-1,eighth,0,1,0.5,not,True,False,False,B¨9,Bb,9,7,7,0
I've Got You Under My Skin,19,68,Ab4,5,-1,quarter,0,1,1.0,to,True,False,False,B¨9,Bb,9,5,7,10
I've Got You Under My Skin,19,67,G4,4,0,eighth,0,1,0.5,give,True,False,False,B¨9,Bb,9,4,7,9
I've Got You Under My Skin,20,67,G4,4,0,whole,0,1,4.0,in,True,False,False,Eb^,Eb,maj,4,0,4
I've Got You Under My Skin,21,67,G4,4,0,half,0,1,2.0,,,,True,E¨6,Eb,6,4,0,4
I've Got You Under My Skin,21,70,Bb4,6,-1,quarter,0,1,1.0,I,True,False,False,E¨6,Eb,6,7,0,7
I've Got You Under My Skin,22,71,B4,6,0,quarter,0,3,0.66667,said,True,False,False,Abm6,Ab,m6,8,5,3
I've Got You Under My Skin,22,71,B4,6,0,quarter,0,3,0.66667,to,True,False,False,Abm6,Ab,m6,8,5,3
I've Got You Under My Skin,22,71,B4,6,0,quarter,0,3,0.66667,my,True,True,False,Abm6,Ab,m6,8,5,3
I've Got You Under My Skin,22,71,B4,6,0,quarter,0,3,0.66667,self,False,False,False,Abm6,Ab,m6,8,5,3
I've Got You Under My Skin,22,71,B4,6,0,quarter,0,3,0.66667,this,True,False,False,Abm6,Ab,m6,8,5,3
I've Got You Under My Skin,22,71,B4,6,0,quarter,0,3,0.66667,af,True,True,False,Abm6,Ab,m6,8,5,3
I've Got You Under My Skin,23,71,B4,6,0,half,0,1,2.0,fair,False,False,False,FØ7,F,m7b57,8,2,6
I've Got You Under My Skin,23,70,Bb4,6,-1,eighth,0,1,0.5,nev,True,False,False,B¨7(b9),Bb,7(b9),7,7,0
I've Got You Under My Skin,23,68,Ab4,5,-1,quarter,0,1,1.0,er,True,True,False,B¨7(b9),Bb,7(b9),5,7,10
I've Got You Under My Skin,23,67,G4,4,0,eighth,0,1,0.5,can,False,False,False,B¨7(b9),Bb,7(b9),4,7,9
I've Got You Under My Skin,24,66,F#4,3,1,quarter,1,1,1.5,go,True,False,False,D6/E¨,D,6/Eb,3,11,4
I've Got You Under My Skin,24,67,G4,4,0,quarter,1,1,1.5,so,True,False,False,D6/E¨,D,6/Eb,4,11,5
I've Got You Under My Skin,24,67,G4,4,0,quarter,0,1,1.0,well,True,False,False,E¨6,Eb,6,4,0,4
I've Got You Under My Skin,25,67,G4,4,0,half,1,1,3.0,,,,True,E¨6,Eb,6,4,0,4
I've Got You Under My Skin,25,67,G4,4,0,quarter,0,1,1.0,But,True,False,False,E¨6,Eb,6,4,0,4
I've Got You Under My Skin,26,69,A4,5,0,quarter,0,3,0.66667,whyshould,True,False,False,Dm7,D,m7,6,11,7
I've Got You Under My Skin,26,69,A4,5,0,quarter,0,3,0.66667,,,,True,Dm7,D,m7,6,11,7
I've Got You Under My Skin,26,69,A4,5,0,quarter,0,3,0.66667,I,True,False,False,Dm7,D,m7,6,11,7
I've Got You Under My Skin,26,69,A4,5,0,quarter,0,3,0.66667,try,True,False,False,Dm7,D,m7,6,11,7
I've Got You Under My Skin,26,69,A4,5,0,quarter,0,3,0.66667,to,True,False,False,Dm7,D,m7,6,11,7
I've Got You Under My Skin,26,69,A4,5,0,quarter,0,3,0.66667,re,True,True,False,Dm7,D,m7,6,11,7
I've Got You Under My Skin,27,69,A4,5,0,quarter,0,1,1.0,sist,False,False,False,G9,G,9,6,4,2
I've Got You Under My Skin,27,67,G4,4,0,quarter,0,1,1.0,when,True,False,False,G9,G,9,4,4,0
I've Got You Under My Skin,27,67,G4,4,0,eighth,0,1,0.5,dar,True,True,False,G9,G,9,4,4,0
I've Got You Under My Skin,27,65,F4,3,0,quarter,0,1,1.0,ling,False,False,False,G9,G,9,2,4,10
I've Got You Under My Skin,27,64,E4,2,0,eighth,0,1,0.5,I,True,False,False,G9,G,9,1,4,9
I've Got You Under My Skin,28,63,Eb4,2,-1,quarter,1,1,1.5,know,True,False,False,B6/C,B,6/C,0,8,4
I've Got You Under My Skin,28,64,E4,2,0,eighth,0,1,0.5,so,True,False,False,B6/C,B,6/C,1,8,5
I've Got You Under My Skin,28,64,E4,2,0,half,0,1,2.0,well,True,False,False,C6,C,6,1,9,4
I've Got You Under My Skin,29,63,Eb4,2,-1,half,1,1,3.0,,,,True,C6,C,6,0,9,3
I've Got You Under My Skin,29,64,E4,2,0,quarter,0,1,1.0,I've,True,False,False,C6,C,6,1,9,4
I've Got You Under My Skin,30,65,F4,3,0,half,0,1,2.0,got,True,False,False,Fm7,F,m7,2,2,0
I've Got You Under My Skin,30,65,F4,3,0,half,0,1,2.0,you,True,False,False,Fm7,F,m7,2,2,0
I've Got You Under My Skin,31,65,F4,3,0,half,0,1,2.0,,,,True,Bb9sus4,Bb,9sus4,2,7,7
I've Got You Under My Skin,31,63,Eb4,2,-1,eighth,0,1,0.5,un,True,True,False,Bb9sus4,Bb,9sus4,0,7,5
I've Got You Under My Skin,31,62,D4,1,0,quarter,0,1,1.0,der,False,False,False,Bb9sus4,Bb,9sus4,11,7,4
I've Got You Under My Skin,31,60,C4,0,0,eighth,0,1,0.5,my,True,False,False,Bb9sus4,Bb,9sus4,9,7,2
I've Got You Under My Skin,32,58,Bb3,-1,-1,whole,0,1,4.0,skin.,True,False,False,Eb^,Eb,maj,7,0,7
I've Got You Under My Skin,33,58,Bb3,-1,-1,half,0,1,2.0,,,,True,E¨6,Eb,6,7,0,7
I've Got You Under My Skin,33,63,Eb4,2,-1,quarter,0,1,1.0,I'd,True,False,False,E¨6,Eb,6,0,0,0
I've Got You Under My Skin,34,65,F4,3,0,quarter,0,3,0.66667,sac,True,True,False,Fm7,F,m7,2,2,0
I've Got You Under My Skin,34,65,F4,3,0,quarter,0,3,0.66667,ri,False,True,False,Fm7,F,m7,2,2,0
I've Got You Under My Skin,34,65,F4,3,0,quarter,0,3,0.66667,fice,False,False,False,Fm7,F,m7,2,2,0
I've Got You Under My Skin,34,65,F4,3,0,quarter,0,3,0.66667,an,True,True,False,Fm7,F,m7,2,2,0
I've Got You Under My Skin,34,65,F4,3,0,quarter,0,3,0.66667,y,False,True,False,Fm7,F,m7,2,2,0
I've Got You Under My Skin,34,65,F4,3,0,quarter,0,3,0.66667,thing,False,False,False,Fm7,F,m7,2,2,0
I've Got You Under My Skin,35,65,F4,3,0,half,0,3,1.33333,come,True,False,False,B¨7¨9,Bb,7b9,2,7,7
I've Got You Under My Skin,35,65,F4,3,0,quarter,0,3,0.66667,what,True,False,False,B¨7¨9,Bb,7b9,2,7,7
I've Got You Under My Skin,35,65,F4,3,0,quarter,0,3,0.66667,may,True,False,False,B¨7¨9,Bb,7b9,2,7,7
I've Got You Under My Skin,35,67,G4,4,0,quarter,0,3,0.66667,for,True,False,False,B¨7¨9,Bb,7b9,4,7,9
I've Got You Under My Skin,35,68,Ab4,5,-1,quarter,0,3,0.66667,the,True,False,False,B¨7¨9,Bb,7b9,5,7,10
I've Got You Under My Skin,36,70,Bb4,6,-1,half,0,3,1.33333,sake,True,False,False,Eb^,Eb,maj,7,0,7
I've Got You Under My Skin,36,70,Bb4,6,-1,quarter,0,3,0.66667,of,True,False,False,Eb^,Eb,maj,7,0,7
I've Got You Under My Skin,36,70,Bb4,6,-1,quarter,0,3,0.66667,hav,True,True,False,Eb^,Eb,maj,7,0,7
I've Got You Under My Skin,36,70,Bb4,6,-1,quarter,0,3,0.66667,ing,False,False,False,Eb^,Eb,maj,7,0,7
I've Got You Under My Skin,36,70,Bb4,6,-1,quarter,0,3,0.66667,you,True,False,False,Eb^,Eb,maj,7,0,7
I've Got You Under My Skin,37,70,Bb4,6,-1,half,0,3,1.33333,near,True,False,False,Gm7,G,m7,7,4,3
I've Got You Under My Skin,37,70,Bb4,6,-1,quarter,0,3,0.66667,in,True,False,False,Gm7,G,m7,7,4,3
I've Got You Under My Skin,37,70,Bb4,6,-1,quarter,0,3,0.66667,spite,True,False,False,C7¨9,C,7b9,7,9,10
I've Got You Under My Skin,37,68,Ab4,5,-1,quarter,0,3,0.66667,of,True,False,False,C7¨9,C,7b9,5,9,8
I've Got You Under My Skin,37,67,G4,4,0,quarter,0,3,0.66667,a,True,False,False,C7¨9,C,7b9,4,9,7
I've Got You Under My Skin,38,65,F4,3,0,half,0,3,1.33333,warn,True,True,False,Fm7,F,m7,2,2,0
I've Got You Under My Skin,38,65,F4,3,0,quarter,0,3,0.66667,ing,False,False,False,Fm7,F,m7,2,2,0
I've Got You Under My Skin,38,65,F4,3,0,half,0,3,1.33333,voice,True,False,False,Fm7,F,m7,2,2,0
I've Got You Under My Skin,38,65,F4,3,0,quarter,0,3,0.66667,that,True,False,False,Fm7,F,m7,2,2,0
I've Got You Under My Skin,39,65,F4,3,0,quarter,0,3,0.66667,comes,True,False,False,B¨7¨9,Bb,7b9,2,7,7
I've Got You Under My Skin,39,65,F4,3,0,quarter,0,3,0.66667,in,True,False,False,B¨7¨9,Bb,7b9,2,7,7
I've Got You Under My Skin,39,65,F4,3,0,quarter,0,3,0.66667,the,True,False,False,B¨7¨9,Bb,7b9,2,7,7
I've Got You Under My Skin,39,65,F4,3,0,quarter,0,3,0.66667,night,True,False,False,B¨7¨9,Bb,7b9,2,7,7
I've Got You Under My Skin,39,67,G4,4,0,quarter,0,3,0.66667,and,True,True,False,B¨7¨9,Bb,7b9,4,7,9
I've Got You Under My Skin,39,68,Ab4,5,-1,quarter,0,3,0.66667,re,False,False,False,B¨7¨9,Bb,7b9,5,7,10
I've Got You Under My Skin,40,70,Bb4,6,-1,quarter,0,3,0.66667,peats,True,False,False,Gm7,G,m7,7,4,3
I've Got You Under My Skin,40,70,Bb4,6,-1,quarter,0,3,0.66667,and,True,False,False,Gm7,G,m7,7,4,3
I've Got You Under My Skin,40,70,Bb4,6,-1,quarter,0,3,0.66667,re,True,True,False,Gm7,G,m7,7,4,3
I've Got You Under My Skin,40,70,Bb4,6,-1,quarter,0,3,0.66667,peats,False,False,False,G¨7,Gb,7,7,3,4
I've Got You Under My Skin,40,70,Bb4,6,-1,quarter,0,3,0.66667,in,True,False,False,G¨7,Gb,7,7,3,4
I've Got You Under My Skin,40,70,Bb4,6,-1,quarter,0,3,0.66667,my,True,False,False,G¨7,Gb,7,7,3,4
I've Got You Under My Skin,41,70,Bb4,6,-1,half,0,1,2.0,ear,True,False,False,Fm11,F,m11,7,2,5
I've Got You Under My Skin,41,70,Bb4,6,-1,quarter,0,3,0.66667,,,,True,Bb13,Bb,13,7,7,0
I've Got You Under My Skin,41,72,C5,7,0,quarter,0,3,0.66667,"""Don't",True,False,False,Bb13,Bb,13,9,7,2
I've Got You Under My Skin,41,74,D5,8,0,quarter,0,3,0.66667,you,True,False,False,Bb13,Bb,13,11,7,4
I've Got You Under My Skin,42,75,Eb5,9,-1,quarter,0,1,1.0,know,True,False,False,Bb13,Bb,13,0,7,5
I've Got You Under My Skin,42,75,Eb5,9,-1,eighth,0,1,0.5,lit,True,False,False,Cm7,C,m7,0,9,3
I've Got You Under My Skin,42,75,Eb5,9,-1,eighth,0,1,0.5,tle,True,True,False,Cm7,C,m7,0,9,3
I've Got You Under My Skin,42,75,Eb5,9,-1,half,0,1,2.0,fool,False,False,False,Cm7,C,m7,0,9,3
I've Got You Under My Skin,43,75,Eb5,9,-1,quarter,0,1,1.0,,,,True,Fm7,F,m7,0,2,10
I've Got You Under My Skin,43,74,D5,8,0,quarter,0,1,1.0,You,True,False,False,Fm7,F,m7,11,2,9
I've Got You Under My Skin,43,74,D5,8,0,eighth,0,1,0.5,ne,True,True,False,Bb7#5,Bb,7#5,11,7,4
I've Got You Under My Skin,43,72,C5,7,0,quarter,0,1,1.0,ver,False,False,False,Bb7#5,Bb,7#5,9,7,2
I've Got You Under My Skin,43,70,Bb4,6,-1,eighth,0,1,0.5,can,True,False,False,Bb7#5,Bb,7#5,7,7,0
I've Got You Under My Skin,44,70,Bb4,6,-1,whole,0,1,4.0,win,True,False,False,Eb^ Eb6,Eb,maj Eb6,7,0,7
I've Got You Under My Skin,45,70,Bb4,6,-1,half,0,1,2.0,,,,True,Gm7,G,m7,7,4,3
I've Got You Under My Skin,45,74,D5,8,0,eighth,0,1,0.5,Use,True,False,False,G¨º7,Gb,dim7,11,3,8
I've Got You Under My Skin,45,72,C5,7,0,quarter,0,1,1.0,your,True,False,False,G¨º7,Gb,dim7,9,3,6
I've Got You Under My Skin,45,70,Bb4,6,-1,eighth,0,1,0.5,men,True,True,False,G¨º7,Gb,dim7,7,3,4
I've Got You Under My Skin,46,70,Bb4,6,-1,quarter,1,1,1.5,tal,False,True,False,Fm11,F,m11,7,2,5
I've Got You Under My Skin,46,70,Bb4,6,-1,eighth,0,1,0.5,i,False,True,False,Fm11,F,m11,7,2,5
I've Got You Under My Skin,46,70,Bb4,6,-1,half,0,1,2.0,"ty,",False,False,False,Fm11,F,m11,7,2,5
I've Got You Under My Skin,47,70,Bb4,6,-1,quarter,0,1,1.0,,,,True,B¨7,Bb,7,7,7,0
I've Got You Under My Skin,47,74,D5,8,0,quarter,0,1,1.0,Wake,True,False,False,B¨7,Bb,7,11,7,4
I've Got You Under My Skin,47,74,D5,8,0,eighth,0,1,0.5,up,True,False,False,B¨7,Bb,7,11,7,4
I've Got You Under My Skin,47,72,C5,7,0,quarter,0,1,1.0,to,True,False,False,B¨7,Bb,7,9,7,2
I've Got You Under My Skin,47,70,Bb4,6,-1,eighth,0,1,0.5,re,True,True,False,B¨7,Bb,7,7,7,0
I've Got You Under My Skin,48,70,Bb4,6,-1,quarter,1,1,1.5,al,False,True,False,Eb^,Eb,maj,7,0,7
I've Got You Under My Skin,48,70,Bb4,6,-1,eighth,0,1,0.5,i,False,True,False,Eb^,Eb,maj,7,0,7
I've Got You Under My Skin,48,70,Bb4,6,-1,half,0,1,2.0,"ty""",False,False,False,Eb6,Eb,6,7,0,7
I've Got You Under My Skin,49,70,Bb4,6,-1,half,0,1,2.0,,,,True,Bbm7 Eb7b9,Bb,m7 Eb7b9,7,7,0
I've Got You Under My Skin,49,70,Bb4,6,-1,eighth,0,1,0.5,But,True,False,False,Bbm7 Eb7b9,Bb,m7 Eb7b9,7,7,0
I've Got You Under My Skin,49,71,B4,6,0,eighth,0,1,0.5,each,True,False,False,Bbm7 Eb7b9,Bb,m7 Eb7b9,8,7,1
I've Got You Under My Skin,50,72,C5,7,0,quarter,1,1,1.5,time,True,False,False,Ab6,Ab,6,9,5,4
I've Got You Under My Skin,50,72,C5,7,0,eighth,0,1,0.5,I,True,False,False,Ab6,Ab,6,9,5,4
I've Got You Under My Skin,50,72,C5,7,0,quarter,0,1,1.0,do,True,False,False,Ab6,Ab,6,9,5,4
I've Got You Under My Skin,50,74,D5,8,0,eighth,0,1,0.5,just,True,False,False,Ab6,Ab,6,11,5,6
I've Got You Under My Skin,50,75,Eb5,9,-1,eighth,0,1,0.5,the,True,False,False,Ab6,Ab,6,0,5,7
I've Got You Under My Skin,51,77,F5,10,0,quarter,1,1,1.5,thought,True,False,False,Abm6,Ab,m6,2,5,9
I've Got You Under My Skin,51,77,F5,10,0,eighth,0,1,0.5,of,True,False,False,Abm6,Ab,m6,2,5,9
I've Got You Under My Skin,51,77,F5,10,0,quarter,0,1,1.0,you,True,False,False,Abm6,Ab,m6,2,5,9
I've Got You Under My Skin,51,75,Eb5,9,-1,eighth,0,1,0.5,makes,True,False,False,Abm6,Ab,m6,0,5,7
I've Got You Under My Skin,51,74,D5,8,0,eighth,0,1,0.5,me,True,False,False,Abm6,Ab,m6,11,5,6
I've Got You Under My Skin,52,72,C5,7,0,quarter,0,1,1.0,stop,True,False,False,E¨6/B¨,Eb,6/Bb,9,0,9
I've Got You Under My Skin,52,70,Bb4,6,-1,eighth,0,1,0.5,be,True,True,False,E¨6/B¨,Eb,6/Bb,7,0,7
I've Got You Under My Skin,52,63,Eb4,2,-1,eighth,0,1,0.5,fore,False,False,False,E¨6/B¨,Eb,6/Bb,0,0,0
I've Got You Under My Skin,52,65,F4,3,0,quarter,0,1,1.0,I,True,False,False,E¨6/B¨,Eb,6/Bb,2,0,2
I've Got You Under My Skin,52,67,G4,4,0,eighth,0,1,0.5,be,True,True,False,E¨6/B¨,Eb,6/Bb,4,0,4
I've Got You Under My Skin,53,70,Bb4,6,-1,half,1,1,3.0,"gin,",False,False,False,E¨6/B¨,Eb,6/Bb,7,0,7
I've Got You Under My Skin,53,58,Bb3,-1,-1,eighth,0,1,0.5,and,True,False,False,C7¨9,C,7b9,7,9,10
I've Got You Under My Skin,53,60,C4,0,0,eighth,0,1,0.5,I've,True,False,False,C7¨9,C,7b9,9,9,0
I've Got You Under My Skin,54,66,Gb4,4,-1,half,0,1,2.0,got,True,False,False,Fm9,F,m9,3,2,1
I've Got You Under My Skin,54,66,Gb4,4,-1,half,0,1,2.0,you,True,False,False,Fm9,F,m9,3,2,1
I've Got You Under My Skin,55,67,G4,4,0,half,0,1,2.0,,,,True,B¨13,Bb,13,4,7,9
I've Got You Under My Skin,55,67,G4,4,0,eighth,0,1,0.5,un,True,True,False,B¨13,Bb,13,4,7,9
I've Got You Under My Skin,55,65,F4,3,0,quarter,0,1,1.0,der,False,False,False,B¨13,Bb,13,2,7,7
I've Got You Under My Skin,55,63,Eb4,2,-1,eighth,0,1,0.5,my,True,False,False,B¨13,Bb,13,0,7,5
I've Got You Under My Skin,56,63,Eb4,2,-1,whole,0,1,4.0,skin.,True,False,False,Eb6,Eb,6,0,0,0
I've Got You Under My Skin,57,63,Eb4,2,-1,half,0,1,2.0,,,,True,G‹7 C7(b9),G,m7 C7(b9),0,4,8
I've Got You Under My Skin,58,63,Eb4,2,-1,whole,0,1,4.0,skin.,True,False,False,Eb6,Eb,6,0,0,0
I've Got You Under My Skin,59,63,Eb4,2,-1,half,1,1,3.0,,,,True,G‹7,G,m7,0,4,8
I've Got You Under My Skin,59,58,Bb3,-1,-1,eighth,0,1,0.5,and,True,False,False,C7,C,7,7,9,10
I've Got You Under My Skin,59,60,C4,0,0,eighth,0,1,0.5,I,True,False,False,C7,C,7,9,9,0
I've Got You Under My Skin,60,67,G4,4,0,half,0,1,2.0,want,True,False,False,Fm9,F,m9,4,2,2
I've Got You Under My Skin,60,67,G4,4,0,half,0,1,2.0,you,True,False,False,Fm9,F,m9,4,2,2
I've Got You Under My Skin,61,67,G4,4,0,half,0,1,2.0,,,,True,B¨13,Bb,13,4,7,9
I've Got You Under My Skin,61,67,G4,4,0,eighth,0,1,0.5,un,True,False,False,B¨13,Bb,13,4,7,9
I've Got You Under My Skin,61,65,F4,3,0,quarter,0,1,1.0,der,True,False,False,B¨13,Bb,13,2,7,7
I've Got You Under My Skin,61,63,Eb4,2,-1,eighth,0,1,0.5,my,True,False,False,B¨13,Bb,13,0,7,5
I've Got You Under My Skin,62,63,Eb4,2,-1,whole,0,1,4.0,skin.,True,False,False,Eb6,Eb,6,0,0,0
I've Got You Under My Skin,63,63,Eb4,2,-1,whole,0,1,4.0,,,,True,Eb6,Eb,6,0,0,0
You Do Something To Me,1,63,Eb4,2,-1,whole,0,1,4.0,You,True,False,False,,,,0,,
You Do Something To Me,2,62,D4,1,0,whole,0,1,4.0,do,True,False,False,D7,D,7,11,11,0
You Do Something To Me,3,63,Eb4,2,-1,quarter,0,1,1.0,some,True,True,False,E¨6,Eb,6,0,0,0
You Do Something To Me,3,65,F4,3,0,half,0,1,2.0,thing,False,False,False,E¨²,Eb,²,2,0,2
You Do Something To Me,3,62,D4,1,0,quarter,0,1,1.0,to,True,False,False,E¨º,Eb,dim,11,0,11
You Do Something To Me,4,60,C4,0,0,whole,0,1,4.0,"me,",True,False,False,E¨6,Eb,6,9,0,9
You Do Something To Me,5,60,C4,0,0,quarter,0,1,1.0,some,True,True,False,E¨6,Eb,6,9,0,9
You Do Something To Me,5,62,D4,1,0,half,0,1,2.0,thing,False,False,False,E¨²,Eb,²,11,0,11
You Do Something To Me,5,58,Bb3,-1,-1,quarter,0,1,1.0,that,True,False,False,E¨²,Eb,²,7,0,7
You Do Something To Me,6,60,C4,0,0,quarter,0,1,1.0,simp,True,True,False,G‹7,G,m7,9,4,5
You Do Something To Me,6,63,Eb4,2,-1,quarter,0,1,1.0,ly,False,False,False,G‹7,G,m7,0,4,8
You Do Something To Me,6,67,G4,4,0,quarter,0,1,1.0,mys,True,True,False,C7(b9),C,7(b9),4,9,7
You Do Something To Me,6,70,Bb4,6,-1,quarter,0,1,1.0,ti,False,True,False,C7(b9),C,7(b9),7,9,10
You Do Something To Me,7,70,Bb4,6,-1,whole,0,1,4.0,fies,False,False,False,F‹7,F,m7,7,2,5
You Do Something To Me,8,62,D4,1,0,whole,0,1,4.0,me.,True,False,False,B¨7 C7(b9),Bb,7 C7(b9),11,7,4
You Do Something To Me,9,68,Ab4,5,-1,whole,0,1,4.0,Tell,True,False,False,F‹,F,m,5,2,3
You Do Something To Me,10,67,G4,4,0,whole,0,1,4.0,me,True,False,False,C7(b9),C,7(b9),4,9,7
You Do Something To Me,11,68,Ab4,5,-1,quarter,0,1,1.0,why,True,False,False,F‹7,F,m7,5,2,3
You Do Something To Me,11,72,C5,7,0,half,0,1,2.0,it,True,False,False,F‹7,F,m7,9,2,7
You Do Something To Me,11,68,Ab4,5,-1,quarter,0,1,1.0,should,True,False,False,F‹7,F,m7,5,2,3
You Do Something To Me,12,67,G4,4,0,whole,0,1,4.0,"be,",True,False,False,C7(b9),C,7(b9),4,9,7
You Do Something To Me,13,65,F4,3,0,quarter,0,1,1.0,You,True,False,False,F7,F,7,2,2,0
You Do Something To Me,13,67,G4,4,0,half,0,1,2.0,have,True,False,False,C‹7,C,m7,4,9,7
You Do Something To Me,13,60,C4,0,0,quarter,0,1,1.0,the,True,False,False,C‹7,C,m7,9,9,0
You Do Something To Me,14,65,F4,3,0,quarter,0,1,1.0,pow'r,True,False,False,F7,F,7,2,2,0
You Do Something To Me,14,67,G4,4,0,quarter,0,1,1.0,to,True,False,False,F7,F,7,4,2,2
You Do Something To Me,14,69,A4,5,0,quarter,0,1,1.0,hyp,True,True,False,F7,F,7,6,2,4
You Do Something To Me,14,74,D5,8,0,quarter,0,1,1.0,no,False,True,False,F7,F,7,11,2,9
You Do Something To Me,15,72,C5,7,0,whole,0,1,4.0,tize,False,False,False,F‹7,F,m7,9,2,7
You Do Something To Me,16,70,Bb4,6,-1,half,1,1,3.0,me?,True,False,False,B¨7,Bb,7,7,7,0
You Do Something To Me,17,70,Bb4,6,-1,whole,0,1,4.0,Let,True,False,False,G‹7,G,m7,7,4,3
You Do Something To Me,18,75,Eb5,9,-1,whole,0,1,4.0,me,True,False,False,G¨º7,Gb,dim7,0,3,9
You Do Something To Me,19,74,D5,8,0,half,0,1,2.0,live,True,False,False,F‹7,F,m7,11,2,9
You Do Something To Me,19,68,Ab4,5,-1,quarter,0,1,1.0,'neath,True,False,False,F‹7,F,m7,5,2,3
You Do Something To Me,19,70,Bb4,6,-1,quarter,0,1,1.0,your,True,False,False,F‹7,F,m7,7,2,5
You Do Something To Me,20,72,C5,7,0,whole,0,1,4.0,"spell,",True,False,False,Eº7,E,dim7,9,1,8
You Do Something To Me,21,71,B4,6,0,quarter,1,1,1.5,do,True,True,False,F©‹7,F#,m7,8,3,5
You Do Something To Me,21,66,F#4,3,1,eighth,0,1,0.5,do,False,False,False,F©‹7,F#,m7,3,3,0
You Do Something To Me,21,66,F#4,3,1,quarter,0,1,1.0,,,,True,B7,B,7,3,8,7
You Do Something To Me,21,68,G#4,4,1,quarter,0,1,1.0,that,True,False,False,B7,B,7,5,8,9
You Do Something To Me,22,70,Bb4,6,-1,quarter,1,1,1.5,voo,True,True,False,F‹7,F,m7,7,2,5
You Do Something To Me,22,65,F4,3,0,eighth,0,1,0.5,doo,False,False,False,F‹7,F,m7,2,2,0
You Do Something To Me,22,65,F4,3,0,quarter,0,1,1.0,,,,True,F‹7,F,m7,2,2,0
You Do Something To Me,22,67,G4,4,0,quarter,0,1,1.0,that,True,False,False,B¨7,Bb,7,4,7,9
You Do Something To Me,23,68,Ab4,5,-1,quarter,1,1,1.5,you,True,False,False,F©‹7,F#,m7,5,3,2
You Do Something To Me,23,63,Eb4,2,-1,eighth,0,1,0.5,do,True,False,False,F©‹7,F#,m7,0,3,9
You Do Something To Me,23,63,Eb4,2,-1,quarter,0,1,1.0,,,,True,F©‹7,F#,m7,0,3,9
You Do Something To Me,23,65,F4,3,0,quarter,0,1,1.0,so,True,False,False,B7,B,7,2,8,6
You Do Something To Me,24,67,G4,4,0,half,1,1,3.0,"well,",True,False,False,F‹7,F,m7,4,2,2
You Do Something To Me,24,65,F4,3,0,quarter,0,1,1.0,for,True,False,False,B¨7(b9),Bb,7(b9),2,7,7
You Do Something To Me,25,63,Eb4,2,-1,whole,0,1,4.0,You,True,False,False,E¨6,Eb,6,0,0,0
You Do Something To Me,26,62,D4,1,0,whole,0,1,4.0,do,True,False,False,D7,D,7,11,11,0
You Do Something To Me,27,63,Eb4,2,-1,quarter,0,1,1.0,some,True,True,False,E¨6,Eb,6,0,0,0
You Do Something To Me,27,65,F4,3,0,half,0,1,2.0,thing,False,False,False,E¨6,Eb,6,2,0,2
You Do Something To Me,27,62,D4,1,0,quarter,0,1,1.0,to,True,False,False,E¨6,Eb,6,11,0,11
You Do Something To Me,28,60,C4,0,0,half,1,1,3.0,"me,",True,False,False,G‹7,G,m7,9,4,5
You Do Something To Me,28,72,C5,7,0,quarter,0,1,1.0,that,True,False,False,C7,C,7,9,9,0
You Do Something To Me,29,71,B4,6,0,quarter,0,1,1.0,no,True,True,False,F9,F,9,8,2,6
You Do Something To Me,29,72,C5,7,0,half,0,1,2.0,bod,False,True,False,F9,F,9,9,2,7
You Do Something To Me,29,67,G4,4,0,quarter,0,1,1.0,y,False,False,False,F9,F,9,4,2,2
You Do Something To Me,30,65,F4,3,0,half,0,1,2.0,else,True,False,False,B¨9(“4),Bb,9(“4),2,7,7
You Do Something To Me,30,67,G4,4,0,half,0,1,2.0,can,True,False,False,B¨13(b9),Bb,13(b9),4,7,9
You Do Something To Me,31,63,Eb4,2,-1,whole,0,1,4.0,do,True,False,False,E¨6,Eb,6,0,0,0
You Do Something To Me,32,63,Eb4,2,-1,whole,0,1,4.0,,,,True,E¨6,Eb,6,0,0,0
Get Out Of Town,1,62,D4,1,0,eighth,0,1,0.5,Get,True,False,False,G‹(„ˆˆ9),G,m(add9),4,9,7
Get Out Of Town,1,62,D4,1,0,eighth,0,1,0.5,out,True,False,False,G‹(„ˆˆ9),G,m(add9),4,9,7
Get Out Of Town,1,62,D4,1,0,eighth,0,1,0.5,of,True,False,False,G‹(„ˆˆ9),G,m(add9),4,9,7
Get Out Of Town,1,62,D4,1,0,eighth,0,1,0.5,town,True,False,False,G‹(„ˆˆ9),G,m(add9),4,9,7
Get Out Of Town,1,62,D4,1,0,half,0,1,2.0,,,,True,G‹(„ˆˆ9),G,m(add9),4,9,7
Get Out Of Town,2,62,D4,1,0,eighth,0,1,0.5,be,True,True,False,G‹(„ˆˆ9),G,m(add9),4,9,7
Get Out Of Town,2,62,D4,1,0,eighth,0,1,0.5,fore,False,False,False,G‹(„ˆˆ9),G,m(add9),4,9,7
Get Out Of Town,2,62,D4,1,0,eighth,0,1,0.5,,,,True,G‹(„ˆˆ9),G,m(add9),4,9,7
Get Out Of Town,2,62,D4,1,0,eighth,0,1,0.5,it's,True,False,False,G‹(„ˆˆ9),G,m(add9),4,9,7
Get Out Of Town,2,62,D4,1,0,quarter,0,1,1.0,too,True,False,False,G‹(„ˆˆ9),G,m(add9),4,9,7
Get Out Of Town,3,64,E4,2,0,quarter,0,1,1.0,"late,",True,False,False,G‹6,G,m6,6,9,9
Get Out Of Town,3,64,E4,2,0,eighth,0,1,0.5,my,True,False,False,G‹6,G,m6,6,9,9
Get Out Of Town,3,64,E4,2,0,eighth,0,1,0.5,"love,",True,False,False,G‹6,G,m6,6,9,9
Get Out Of Town,3,64,E4,2,0,half,0,1,2.0,,,,True,G‹6,G,m6,6,9,9
Get Out Of Town,4,63,Eb4,2,-1,quarter,0,1,1.0,,,,True,G‹6,G,m6,5,9,8
Get Out Of Town,5,67,G4,4,0,eighth,0,1,0.5,get,True,False,False,G‹,G,m,9,9,0
Get Out Of Town,5,67,G4,4,0,eighth,0,1,0.5,out,True,False,False,G‹,G,m,9,9,0
Get Out Of Town,5,67,G4,4,0,eighth,0,1,0.5,of,True,False,False,G‹,G,m,9,9,0
Get Out Of Town,5,67,G4,4,0,eighth,0,1,0.5,town,True,False,False,G‹,G,m,9,9,0
Get Out Of Town,5,67,G4,4,0,half,0,1,2.0,,,,True,G‹(^7),G,m(maj7),9,9,0
Get Out Of Town,6,67,G4,4,0,eighth,0,1,0.5,be,True,False,False,G‹7,G,m7,9,9,0
Get Out Of Town,6,67,G4,4,0,eighth,0,1,0.5,good,True,False,False,G‹7,G,m7,9,9,0
Get Out Of Town,6,67,G4,4,0,eighth,0,1,0.5,,,,True,G‹6,G,m6,9,9,0
Get Out Of Town,6,66,F#4,3,1,eighth,0,1,0.5,to,True,False,False,G‹6,G,m6,8,9,11
Get Out Of Town,6,67,G4,4,0,quarter,0,1,1.0,me,True,False,False,G‹6,G,m6,9,9,0
Get Out Of Town,7,74,D5,8,0,whole,0,1,4.0,please.,True,False,False,D‹7 A¨13 F/G,D,m7 Ab13 F/G,4,4,0
Get Out Of Town,8,74,D5,8,0,quarter,0,1,1.0,,,,True,D‹7 A¨13 F/G,D,m7 Ab13 F/G,4,4,0
Get Out Of Town,9,73,Db5,8,-1,eighth,0,1,0.5,Whywish,True,False,False,C‹9,C,m9,3,2,1
Get Out Of Town,9,73,Db5,8,-1,eighth,0,1,0.5,,,,True,C‹9,C,m9,3,2,1
Get Out Of Town,9,73,Db5,8,-1,eighth,0,1,0.5,me,True,False,False,C‹9,C,m9,3,2,1
Get Out Of Town,9,73,Db5,8,-1,eighth,0,1,0.5,harm?,True,False,False,C‹9,C,m9,3,2,1
Get Out Of Town,9,73,Db5,8,-1,half,0,1,2.0,,,,True,C‹9,C,m9,3,2,1
Get Out Of Town,10,69,A4,5,0,quarter,0,1,1.0,Why,True,False,False,F13,F,13,11,7,4
Get Out Of Town,10,68,G#4,4,1,quarter,0,1,1.0,not,True,False,False,F13,F,13,10,7,3
Get Out Of Town,10,69,A4,5,0,quarter,0,1,1.0,re,True,True,False,F13,F,13,11,7,4
Get Out Of Town,11,72,C5,7,0,eighth,0,1,0.5,tire,False,False,False,B¨^9,Bb,maj9,2,0,2
Get Out Of Town,11,72,C5,7,0,eighth,0,1,0.5,to,True,False,False,B¨^9,Bb,maj9,2,0,2
Get Out Of Town,11,72,C5,7,0,eighth,0,1,0.5,a,True,False,False,B¨^9,Bb,maj9,2,0,2
Get Out Of Town,11,72,C5,7,0,eighth,0,1,0.5,"farm,",True,False,False,B¨^9,Bb,maj9,2,0,2
Get Out Of Town,11,72,C5,7,0,half,0,1,2.0,,,,True,B¨^9,Bb,maj9,2,0,2
Get Out Of Town,12,67,G4,4,0,quarter,0,1,1.0,and,True,False,False,B¨6,Bb,6,9,0,9
Get Out Of Town,12,66,F#4,3,1,quarter,0,1,1.0,be,True,False,False,B¨6,Bb,6,8,0,8
Get Out Of Town,12,67,G4,4,0,quarter,0,1,1.0,con,True,True,False,B¨6,Bb,6,9,0,9
Get Out Of Town,13,70,Bb4,6,-1,eighth,0,1,0.5,ten,True,True,False,EØ7,E,m7b57,0,6,6
Get Out Of Town,13,70,Bb4,6,-1,eighth,0,1,0.5,ted,False,False,False,EØ7,E,m7b57,0,6,6
Get Out Of Town,13,70,Bb4,6,-1,eighth,0,1,0.5,to,True,False,False,EØ7,E,m7b57,0,6,6
Get Out Of Town,13,70,Bb4,6,-1,eighth,0,1,0.5,"charm,",True,False,False,EØ7,E,m7b57,0,6,6
Get Out Of Town,13,70,Bb4,6,-1,half,0,1,2.0,,,,True,EØ7,E,m7b57,0,6,6
Get Out Of Town,14,69,A4,5,0,eighth,0,1,0.5,the,True,False,False,A13(b9),A,13(b9),11,11,0
Get Out Of Town,14,72,C5,7,0,eighth,0,1,0.5,birds,True,False,False,A13(b9),A,13(b9),2,11,3
Get Out Of Town,14,72,C5,7,0,eighth,0,1,0.5,,,,True,A7&(b9),A,7&(b9),2,11,3
Get Out Of Town,14,72,C5,7,0,quarter,0,1,1.0,off,True,False,False,A7&(b9),A,7&(b9),2,11,3
Get Out Of Town,14,70,Bb4,6,-1,eighth,0,1,0.5,the,True,False,False,A7&(b9),A,7&(b9),0,11,1
Get Out Of Town,15,69,A4,5,0,whole,0,1,4.0,trees?,True,False,False,A‹7 E¨9 A‹7/D,A,m7 Eb9 Am7/D,11,11,0
Get Out Of Town,16,69,A4,5,0,quarter,0,1,1.0,,,,True,A‹7 E¨9 A‹7/D,A,m7 Eb9 Am7/D,11,11,0
Get Out Of Town,17,62,D4,1,0,eighth,0,1,0.5,Justdis,True,True,False,G‹(„ˆˆ9),G,m(add9),4,9,7
Get Out Of Town,17,62,D4,1,0,eighth,0,1,0.5,,,,True,G‹(„ˆˆ9),G,m(add9),4,9,7
Get Out Of Town,17,62,D4,1,0,eighth,0,1,0.5,ap,False,True,False,G‹(„ˆˆ9),G,m(add9),4,9,7
Get Out Of Town,17,62,D4,1,0,eighth,0,1,0.5,"pear,",False,False,False,G‹(„ˆˆ9),G,m(add9),4,9,7
Get Out Of Town,17,62,D4,1,0,half,0,1,2.0,,,,True,G‹(„ˆˆ9),G,m(add9),4,9,7
Get Out Of Town,18,62,D4,1,0,eighth,0,1,0.5,I,True,False,False,G‹(„ˆˆ9),G,m(add9),4,9,7
Get Out Of Town,18,62,D4,1,0,eighth,0,1,0.5,care,True,False,False,G‹(„ˆˆ9),G,m(add9),4,9,7
Get Out Of Town,18,62,D4,1,0,eighth,0,1,0.5,,,,True,G‹(„ˆˆ9),G,m(add9),4,9,7
Get Out Of Town,18,62,D4,1,0,eighth,0,1,0.5,for,True,False,False,G‹(„ˆˆ9),G,m(add9),4,9,7
Get Out Of Town,18,62,D4,1,0,quarter,0,1,1.0,you,True,False,False,G‹(„ˆˆ9),G,m(add9),4,9,7
Get Out Of Town,19,64,E4,2,0,quarter,0,1,1.0,much,True,False,False,G‹6,G,m6,6,9,9
Get Out Of Town,19,64,E4,2,0,eighth,0,1,0.5,too,True,False,False,G‹6,G,m6,6,9,9
Get Out Of Town,19,64,E4,2,0,eighth,0,1,0.5,"much,",True,False,False,G‹6,G,m6,6,9,9
Get Out Of Town,19,64,E4,2,0,half,0,1,2.0,,,,True,G‹6,G,m6,6,9,9
Get Out Of Town,20,62,D4,1,0,quarter,0,1,1.0,and,True,False,False,G‹6,G,m6,4,9,7
Get Out Of Town,21,67,G4,4,0,eighth,0,1,0.5,whenyou,True,False,False,G‹,G,m,9,9,0
Get Out Of Town,21,67,G4,4,0,eighth,0,1,0.5,,,,True,G‹,G,m,9,9,0
Get Out Of Town,21,67,G4,4,0,eighth,0,1,0.5,are,True,False,False,G‹,G,m,9,9,0
Get Out Of Town,21,67,G4,4,0,eighth,0,1,0.5,"near,",True,False,False,G‹(^7),G,m(maj7),9,9,0
Get Out Of Town,21,67,G4,4,0,half,0,1,2.0,,,,True,G‹(^7),G,m(maj7),9,9,0
Get Out Of Town,22,67,G4,4,0,eighth,0,1,0.5,closeto,True,False,False,G‹7,G,m7,9,9,0
Get Out Of Town,22,67,G4,4,0,eighth,0,1,0.5,,,,True,G‹7,G,m7,9,9,0
Get Out Of Town,22,67,G4,4,0,eighth,0,1,0.5,me,True,False,False,G‹7,G,m7,9,9,0
Get Out Of Town,22,66,F#4,3,1,eighth,0,1,0.5,"dear,",True,False,False,G‹7,G,m7,8,9,11
Get Out Of Town,22,66,F#4,3,1,quarter,0,1,1.0,,,,True,G‹6,G,m6,8,9,11
Get Out Of Town,22,67,G4,4,0,quarter,0,1,1.0,we,True,False,False,G‹6,G,m6,9,9,0
Get Out Of Town,23,74,D5,8,0,quarter,0,1,1.0,touch,True,False,False,D‹7,D,m7,4,4,0
Get Out Of Town,23,74,D5,8,0,eighth,0,1,0.5,too,True,False,False,D‹7,D,m7,4,4,0
Get Out Of Town,23,74,D5,8,0,eighth,0,1,0.5,much.,True,False,False,D‹7,D,m7,4,4,0
Get Out Of Town,23,74,D5,8,0,half,0,1,2.0,,,,True,A¨13,Ab,13,4,10,6
Get Out Of Town,24,74,D5,8,0,quarter,0,1,1.0,The,True,False,False,F/G G7(b9),F,/G G7(b9),4,7,9
Get Out Of Town,25,73,Db5,8,-1,quarter,0,3,0.66667,thrillwhen,True,False,False,E¨²,Eb,²,3,5,10
Get Out Of Town,25,71,B4,6,0,quarter,0,3,0.66667,,,,True,E¨²,Eb,²,1,5,8
Get Out Of Town,25,72,C5,7,0,quarter,0,3,0.66667,we,True,False,False,E¨²,Eb,²,2,5,9
Get Out Of Town,25,77,F5,10,0,quarter,1,1,1.5,meet,True,False,False,E¨²,Eb,²,7,5,2
Get Out Of Town,25,75,Eb5,9,-1,eighth,0,1,0.5,is,True,False,False,E¨²,Eb,²,5,5,0
Get Out Of Town,26,66,Gb4,4,-1,quarter,0,3,0.66667,so,True,False,False,A¨9,Ab,9,8,10,10
Get Out Of Town,26,65,F4,3,0,quarter,0,3,0.66667,bit,True,True,False,A¨9,Ab,9,7,10,9
Get Out Of Town,26,66,Gb4,4,-1,quarter,0,3,0.66667,tersweet,False,False,False,A¨9,Ab,9,8,10,10
Get Out Of Town,26,74,D5,8,0,quarter,1,1,1.5,,,,True,A¨13,Ab,13,4,10,6
Get Out Of Town,26,72,C5,7,0,eighth,0,1,0.5,that,True,False,False,A¨13,Ab,13,2,10,4
Get Out Of Town,27,69,A4,5,0,eighth,0,1,0.5,"darling,",True,False,False,B¨^9,Bb,maj9,11,0,11
Get Out Of Town,27,72,C5,7,0,quarter,0,1,1.0,,,,True,B¨^9,Bb,maj9,2,0,2
Get Out Of Town,27,70,Bb4,6,-1,eighth,0,1,0.5,it's,True,False,False,B¨^9,Bb,maj9,0,0,0
Get Out Of Town,27,61,C#4,0,1,eighth,0,1,0.5,getting,True,False,False,B¨^9,Bb,maj9,3,0,3
Get Out Of Town,27,62,D4,1,0,eighth,0,1,0.5,,,,True,B¨^9,Bb,maj9,4,0,4
Get Out Of Town,27,65,F4,3,0,eighth,0,1,0.5,me,True,False,False,B¨^9,Bb,maj9,7,0,7
Get Out Of Town,27,68,Ab4,5,-1,eighth,0,1,0.5,down.,True,False,False,B¨^9,Bb,maj9,10,0,10
Get Out Of Town,28,69,A4,5,0,half,1,1,3.0,,,,True,DØ7,D,m7b57,11,4,7
Get Out Of Town,28,67,G4,4,0,quarter,0,1,1.0,So,True,False,False,G7(b9),G,7(b9),9,9,0
Get Out Of Town,29,75,Eb5,9,-1,quarter,0,1,1.0,on,True,False,False,C‹,C,m,5,2,3
Get Out Of Town,29,75,Eb5,9,-1,eighth,0,1,0.5,yourmark,True,False,False,C‹,C,m,5,2,3
Get Out Of Town,29,75,Eb5,9,-1,eighth,0,1,0.5,,,,True,C‹(^7),C,m(maj7),5,2,3
Get Out Of Town,29,75,Eb5,9,-1,quarter,0,1,1.0,,,,True,C‹(^7),C,m(maj7),5,2,3
Get Out Of Town,29,75,Eb5,9,-1,quarter,0,1,1.0,get,True,False,False,C‹(^7),C,m(maj7),5,2,3
Get Out Of Town,30,75,Eb5,9,-1,quarter,0,1,1.0,"set,",True,False,False,C‹7/F,C,m7/F,5,2,3
Get Out Of Town,30,74,D5,8,0,quarter,0,3,0.66667,get,True,False,False,C‹7/F,C,m7/F,4,2,2
Get Out Of Town,30,73,Db5,8,-1,quarter,0,3,0.66667,out,True,False,False,F7(b9),F,7(b9),3,7,8
Get Out Of Town,30,72,C5,7,0,quarter,0,3,0.66667,of,True,False,False,F7(b9),F,7(b9),2,7,7
Get Out Of Town,31,70,Bb4,6,-1,whole,0,1,4.0,town.,True,False,False,F7(b9),F,7(b9),0,7,5
Get Out Of Town,32,70,Bb4,6,-1,quarter,0,1,1.0,,,,True,F©º D7(b9),F#,dim D7(b9),0,8,4
Get Out Of Town,33,70,Bb4,6,-1,whole,0,1,4.0,town.,True,False,False,F©º D7(b9),F#,dim D7(b9),0,8,4
Get Out Of Town,34,70,Bb4,6,-1,quarter,0,1,1.0,,,,True,B¨,Bb,,0,0,0
Easy To Love,1,64,E4,2,0,whole,0,1,4.0,You'd,True,False,False,A‹7,A,m7,9,2,7
Easy To Love,2,57,A3,-2,0,half,1,1,3.0,be,True,False,False,D‹7,D,m7,2,7,7
Easy To Love,2,59,B3,-1,0,quarter,0,1,1.0,so,True,False,False,E7(b9),E,7(b9),4,9,7
Easy To Love,3,60,C4,0,0,half,0,1,2.0,eas,True,True,False,A‹7,A,m7,5,2,3
Easy To Love,3,59,B3,-1,0,quarter,1,1,1.5,y,False,False,False,A‹7,A,m7,4,2,2
Easy To Love,3,60,C4,0,0,eighth,0,1,0.5,to,True,False,False,A‹7,A,m7,5,2,3
Easy To Love,4,66,F#4,3,1,half,1,1,3.0,"love,",True,False,False,D7,D,7,11,7,4
Easy To Love,4,64,E4,2,0,quarter,0,1,1.0,So,True,False,False,D7,D,7,9,7,2
Easy To Love,5,62,D4,1,0,half,0,1,2.0,eas,True,True,False,G²,G,²,7,0,7
Easy To Love,5,61,C#4,0,1,quarter,0,1,1.0,y,False,False,False,G²,G,²,6,0,6
Easy To Love,5,62,D4,1,0,quarter,0,1,1.0,to,True,False,False,G²,G,²,7,0,7
Easy To Love,6,69,A4,5,0,quarter,0,1,1.0,i,True,True,False,C9,C,9,2,5,9
Easy To Love,6,68,Ab4,5,-1,quarter,0,1,1.0,do,False,True,False,C9,C,9,1,5,8
Easy To Love,6,67,G4,4,0,quarter,0,1,1.0,"lize,",False,False,False,C9,C,9,0,5,7
Easy To Love,6,66,F#4,3,1,quarter,0,1,1.0,all,True,False,False,C9,C,9,11,5,6
Easy To Love,7,64,E4,2,0,half,0,1,2.0,oth,True,True,False,G%,G,%,9,0,9
Easy To Love,7,63,D#4,1,1,quarter,1,1,1.5,ers,False,False,False,G%,G,%,8,0,8
Easy To Love,7,64,E4,2,0,eighth,0,1,0.5,a,True,True,False,G%,G,%,9,0,9
Easy To Love,8,74,D5,8,0,whole,0,1,4.0,bove,False,False,False,G%,G,%,7,0,7
Easy To Love,9,74,D5,8,0,whole,0,1,4.0,So,True,False,False,A‹7,A,m7,7,2,5
Easy To Love,10,64,E4,2,0,half,1,1,3.0,worth,True,False,False,D9(“4) D9,D,9(“4) D9,9,7,2
Easy To Love,10,66,F#4,3,1,quarter,0,1,1.0,the,True,False,False,D7(b9),D,7(b9),11,7,4
Easy To Love,11,71,B4,6,0,quarter,0,1,1.0,yearn,True,True,False,G²,G,²,4,0,4
Easy To Love,11,71,B4,6,0,quarter,0,1,1.0,ing,False,False,False,G²,G,²,4,0,4
Easy To Love,11,71,B4,6,0,half,0,1,2.0,for,True,False,False,C²,C,²,4,5,11
Easy To Love,12,71,B4,6,0,quarter,0,1,1.0,,,,True,B‹7,B,m7,4,4,0
Easy To Love,13,74,D5,8,0,quarter,0,1,1.0,So,True,False,False,A‹7,A,m7,7,2,5
Easy To Love,13,62,D4,1,0,quarter,1,1,1.5,swell,True,False,False,A‹7,A,m7,7,2,5
Easy To Love,13,62,D4,1,0,eighth,0,1,0.5,to,True,False,False,D7(b9“4),D,7(b9“4),7,7,0
Easy To Love,14,63,Eb4,2,-1,eighth,0,1,0.5,keep,True,False,False,D7(b9“4),D,7(b9“4),8,7,1
Easy To Love,14,63,Eb4,2,-1,quarter,0,1,1.0,ev,True,True,False,D7(b9“4),D,7(b9“4),8,7,1
Easy To Love,14,63,Eb4,2,-1,eighth,0,1,0.5,ry,False,False,False,D7(b9“4),D,7(b9“4),8,7,1
Easy To Love,14,64,E4,2,0,quarter,0,1,1.0,home,True,False,False,D9,D,9,9,7,2
Easy To Love,14,64,E4,2,0,eighth,0,1,0.5,fireburn,True,True,False,D9,D,9,9,7,2
Easy To Love,14,66,F#4,3,1,eighth,0,1,0.5,,,,True,D9,D,9,11,7,4
Easy To Love,15,66,F#4,3,1,quarter,0,1,1.0,,,,True,B‹7,B,m7,11,4,7
Easy To Love,15,66,F#4,3,1,quarter,0,1,1.0,ing,False,False,False,B‹7,B,m7,11,4,7
Easy To Love,15,66,F#4,3,1,half,0,1,2.0,for,True,False,False,B‹7,B,m7,11,4,7
Easy To Love,16,66,F#4,3,1,quarter,0,1,1.0,,,,True,B¨º7,Bb,dim7,11,3,8
Easy To Love,17,77,E#5,9,1,half,1,1,3.0,shame,True,False,False,B¨º7,Bb,dim7,10,3,7
Easy To Love,17,71,B4,6,0,quarter,0,1,1.0,that,True,False,False,E7(b9),E,7(b9),4,9,7
Easy To Love,18,74,D5,8,0,half,1,1,3.0,you,True,False,False,A‹7,A,m7,7,2,5
Easy To Love,18,69,A4,5,0,quarter,0,1,1.0,can't,True,False,False,A‹7,A,m7,2,2,0
Easy To Love,19,72,C5,7,0,half,1,1,3.0,see,True,False,False,F9,F,9,5,10,7
Easy To Love,19,67,G4,4,0,quarter,0,1,1.0,your,True,False,False,F9,F,9,0,10,2
Easy To Love,20,71,B4,6,0,half,0,1,2.0,fu,True,True,False,G²,G,²,4,0,4
Easy To Love,20,66,F#4,3,1,quarter,0,1,1.0,ture,False,False,False,G²,G,²,11,0,11
Easy To Love,20,67,G4,4,0,quarter,0,1,1.0,with,True,False,False,G²,G,²,0,0,0
Easy To Love,21,69,A4,5,0,quarter,0,1,1.0,me,True,False,False,B‹7,B,m7,2,4,10
Easy To Love,21,68,Ab4,5,-1,quarter,0,1,1.0,'cause,True,False,False,B‹7,B,m7,1,4,9
Easy To Love,21,67,G4,4,0,quarter,0,1,1.0,you'd,True,False,False,B¨º7,Bb,dim7,0,3,9
Easy To Love,21,66,F#4,3,1,quarter,0,1,1.0,be,True,False,False,B¨º7,Bb,dim7,11,3,8
Easy To Love,22,64,E4,2,0,half,0,1,2.0,"oh,",True,False,False,A‹7,A,m7,9,2,7
Easy To Love,22,71,B4,6,0,half,0,1,2.0,so,True,False,False,A‹7,A,m7,4,2,2
Easy To Love,23,71,B4,6,0,half,0,1,2.0,Eas,True,True,False,D7(b9),D,7(b9),4,7,9
Easy To Love,23,70,Bb4,6,-1,quarter,0,1,1.0,y,False,False,False,D7(b9),D,7(b9),3,7,8
Easy To Love,23,69,A4,5,0,quarter,0,1,1.0,to,True,False,False,D7(b9),D,7(b9),2,7,7
Easy To Love,24,67,G4,4,0,half,0,1,2.0,love!,True,False,False,G6,G,6,0,0,0
Easy To Love,24,67,G4,4,0,half,0,1,2.0,,,,True,G6,G,6,0,0,0
Easy To Love,25,67,G4,4,0,quarter,0,1,1.0,,,,True,G6,G,6,0,0,0
Easy To Love (verse),1,58,Bb3,-1,-1,quarter,0,1,1.0,I,True,False,False,G¨²,Gb,²,7,3,4
Easy To Love (verse),1,59,Cb4,0,-1,quarter,0,1,1.0,know,True,False,False,G¨²,Gb,²,8,3,5
Easy To Love (verse),1,61,Db4,1,-1,quarter,0,1,1.0,too,True,False,False,G¨²,Gb,²,10,3,7
Easy To Love (verse),2,62,D4,1,0,quarter,1,1,1.5,well,True,False,False,E¨‹(^7),Eb,m(maj7),11,0,11
Easy To Love (verse),2,63,Eb4,2,-1,eighth,0,1,0.5,that,True,False,False,E¨‹(^7),Eb,m(maj7),0,0,0
Easy To Love (verse),2,70,Bb4,6,-1,half,0,1,2.0,I'm,True,False,False,E¨‹7,Eb,m7,7,0,7
Easy To Love (verse),3,70,Bb4,6,-1,quarter,0,1,1.0,,,,True,G¨^9,Gb,maj9,7,3,4
Easy To Love (verse),3,65,F4,3,0,quarter,0,1,1.0,just,True,False,False,G¨^9,Gb,maj9,2,3,11
Easy To Love (verse),3,68,Ab4,5,-1,quarter,0,1,1.0,wast,True,True,False,G¨^9,Gb,maj9,5,3,2
Easy To Love (verse),3,66,Gb4,4,-1,quarter,0,1,1.0,ing,False,False,False,G¨^9,Gb,maj9,3,3,0
Easy To Love (verse),4,65,F4,3,0,quarter,1,1,1.5,pre,True,True,False,E¨‹7,Eb,m7,2,0,2
Easy To Love (verse),4,62,D4,1,0,eighth,0,1,0.5,cioustime,False,False,False,E¨‹7,Eb,m7,11,0,11
Easy To Love (verse),4,63,Eb4,2,-1,quarter,0,1,1.0,,,,True,E¨‹7,Eb,m7,0,0,0
Easy To Love (verse),4,58,Bb3,-1,-1,quarter,0,1,1.0,in,True,False,False,E¨‹7,Eb,m7,7,0,7
Easy To Love (verse),5,61,Db4,1,-1,quarter,0,1,1.0,think,True,True,False,A¨‹7,Ab,m7,10,5,5
Easy To Love (verse),5,60,C4,0,0,quarter,0,1,1.0,ing,False,False,False,A¨‹7,Ab,m7,9,5,4
Easy To Love (verse),5,59,Cb4,0,-1,quarter,0,1,1.0,such,True,False,False,A¨‹7,Ab,m7,8,5,3
Easy To Love (verse),5,58,Bb3,-1,-1,quarter,0,1,1.0,a,True,False,False,A¨‹7,Ab,m7,7,5,2
Easy To Love (verse),6,58,Bb3,-1,-1,quarter,1,1,1.5,thing,True,False,False,D¨7,Db,7,7,10,9
Easy To Love (verse),6,55,G3,-3,0,eighth,0,1,0.5,coul,True,False,False,D¨7,Db,7,4,10,6
Easy To Love (verse),6,56,Ab3,-2,-1,quarter,0,1,1.0,"be,",True,False,False,D¨7,Db,7,5,10,7
Easy To Love (verse),6,58,Bb3,-1,-1,quarter,0,1,1.0,That,True,False,False,D¨7,Db,7,7,10,9
Easy To Love (verse),7,61,Db4,1,-1,half,0,1,2.0,you,True,False,False,G¨²,Gb,²,10,3,7
Easy To Love (verse),7,61,Db4,1,-1,eighth,0,1,0.5,,,,True,G¨²,Gb,²,10,3,7
Easy To Love (verse),7,63,Eb4,2,-1,eighth,0,1,0.5,couldec,True,True,False,G¨²,Gb,²,0,3,9
Easy To Love (verse),7,65,F4,3,0,eighth,0,1,0.5,,,,True,G¨²,Gb,²,2,3,11
Easy To Love (verse),7,66,Gb4,4,-1,eighth,0,1,0.5,er,False,False,False,G¨²,Gb,²,3,3,0
Easy To Love (verse),8,68,Ab4,5,-1,quarter,1,1,1.5,care,True,False,False,A¨‹7,Ab,m7,5,5,0
Easy To Love (verse),8,70,Bb4,6,-1,eighth,0,1,0.5,for,True,False,False,A¨‹7,Ab,m7,7,5,2
Easy To Love (verse),8,68,Ab4,5,-1,half,0,1,2.0,me.,True,False,False,D¨7(b9),Db,7(b9),5,10,7
Easy To Love (verse),9,58,Bb3,-1,-1,quarter,0,1,1.0,I'm,True,False,False,G¨²,Gb,²,7,3,4
Easy To Love (verse),9,59,Cb4,0,-1,quarter,0,1,1.0,sure,True,False,False,G¨²,Gb,²,8,3,5
Easy To Love (verse),9,61,Db4,1,-1,quarter,0,1,1.0,you,True,False,False,G¨²,Gb,²,10,3,7
Easy To Love (verse),10,62,D4,1,0,quarter,1,1,1.5,hate,True,False,False,D¨7(b9),Db,7(b9),11,10,1
Easy To Love (verse),10,63,Eb4,2,-1,eighth,0,1,0.5,to,True,False,False,D¨7(b9),Db,7(b9),0,10,2
Easy To Love (verse),10,71,Cb5,7,-1,half,0,1,2.0,hear,True,False,False,D¨9,Db,9,8,10,10
Easy To Love (verse),11,71,Cb5,7,-1,quarter,0,1,1.0,,,,True,G¨²,Gb,²,8,3,5
Easy To Love (verse),11,70,Bb4,6,-1,quarter,0,1,1.0,That,True,False,False,G¨²,Gb,²,7,3,4
Easy To Love (verse),11,69,A4,5,0,quarter,0,1,1.0,I,True,False,False,G¨²,Gb,²,6,3,3
Easy To Love (verse),11,66,Gb4,4,-1,quarter,0,1,1.0,a,True,True,False,G¨²,Gb,²,3,3,0
Easy To Love (verse),12,65,F4,3,0,quarter,1,1,1.5,dore,False,False,False,E¨‹7,Eb,m7,2,0,2
Easy To Love (verse),12,62,D4,1,0,eighth,0,1,0.5,you,True,False,False,E¨‹7,Eb,m7,11,0,11
Easy To Love (verse),12,63,Eb4,2,-1,quarter,0,1,1.0,"dear,",True,False,False,E¨‹7,Eb,m7,0,0,0
Easy To Love (verse),12,64,Fb4,3,-1,quarter,0,1,1.0,But,True,False,False,E¨‹7,Eb,m7,1,0,1
Easy To Love (verse),13,65,F4,3,0,quarter,0,1,1.0,grant,True,False,False,B¨²,Bb,²,2,7,7
Easy To Love (verse),13,64,Fb4,3,-1,quarter,0,1,1.0,"me,",True,False,False,B¨²,Bb,²,1,7,6
Easy To Love (verse),13,63,Eb4,2,-1,quarter,0,1,1.0,just,True,False,False,B¨²,Bb,²,0,7,5
Easy To Love (verse),13,62,D4,1,0,quarter,0,1,1.0,the,True,False,False,B¨²,Bb,²,11,7,4
Easy To Love (verse),14,67,G4,4,0,half,0,1,2.0,same,True,False,False,E¨²,Eb,²,4,0,4
Easy To Love (verse),14,67,G4,4,0,eighth,0,1,0.5,,,,True,E¨²,Eb,²,4,0,4
Easy To Love (verse),14,55,G3,-3,0,eighth,0,1,0.5,I'm,True,False,False,E¨²,Eb,²,4,0,4
Easy To Love (verse),14,54,F#3,-4,1,eighth,0,1,0.5,not,True,False,False,E¨²,Eb,²,3,0,3
Easy To Love (verse),14,55,G3,-3,0,eighth,0,1,0.5,en,True,True,False,E¨²,Eb,²,4,0,4
Easy To Love (verse),15,63,Eb4,2,-1,half,0,1,2.0,tire,False,True,False,C‹7,C,m7,0,9,3
Easy To Love (verse),15,62,D4,1,0,quarter,1,1,1.5,ly,False,False,False,F7,F,7,11,2,9
Easy To Love (verse),15,60,C4,0,0,eighth,0,1,0.5,to,True,False,False,F7,F,7,9,2,7
Easy To Love (verse),16,58,Bb3,-1,-1,half,0,1,2.0,"blame,",True,False,False,B¨6,Bb,6,7,7,0
Easy To Love (verse),16,59,Cb4,0,-1,half,0,1,2.0,for,True,False,False,B¨6,Bb,6,8,7,1
Easy To Love (verse),17,60,C4,0,0,whole,0,1,4.0,Yosu'd,True,False,False,F‹7,F,m7,9,2,7
Easy To Love (verse),18,53,F3,-4,0,half,1,1,3.0,be,True,False,False,B¨‹7,Bb,m7,2,7,7
Easy To Love (verse),18,55,G3,-3,0,quarter,0,1,1.0,so,True,False,False,C7(b9),C,7(b9),4,9,7
Easy To Love (verse),19,56,Ab3,-2,-1,half,0,1,2.0,eas,True,True,False,F‹7,F,m7,5,2,3
Easy To Love (verse),19,55,G3,-3,0,quarter,1,1,1.5,y,False,False,False,F‹7,F,m7,4,2,2
Easy To Love (verse),19,56,Ab3,-2,-1,eighth,0,1,0.5,to,True,False,False,F‹7,F,m7,5,2,3
Easy To Love (verse),20,62,D4,1,0,half,1,1,3.0,"love,",True,False,False,B¨7,Bb,7,11,7,4
Easy To Love (verse),20,60,C4,0,0,quarter,0,1,1.0,So,True,False,False,B¨7,Bb,7,9,7,2
Easy To Love (verse),21,58,Bb3,-1,-1,half,0,1,2.0,eas,True,True,False,E¨²,Eb,²,7,0,7
Easy To Love (verse),21,57,A3,-2,0,quarter,0,1,1.0,y,False,False,False,E¨²,Eb,²,6,0,6
Easy To Love (verse),21,58,Bb3,-1,-1,quarter,0,1,1.0,to,True,False,False,E¨²,Eb,²,7,0,7
Easy To Love (verse),22,65,F4,3,0,quarter,0,1,1.0,i,True,True,False,A¨9,Ab,9,2,5,9
Easy To Love (verse),22,64,Fb4,3,-1,quarter,0,1,1.0,do,False,True,False,A¨9,Ab,9,1,5,8
Easy To Love (verse),22,63,Eb4,2,-1,quarter,0,1,1.0,"lize,",False,False,False,A¨9,Ab,9,0,5,7
Easy To Love (verse),22,62,D4,1,0,quarter,0,1,1.0,all,True,False,False,A¨9,Ab,9,11,5,6
Easy To Love (verse),23,60,C4,0,0,half,0,1,2.0,oth,True,True,False,E¨%,Eb,%,9,0,9
Easy To Love (verse),23,59,B3,-1,0,quarter,1,1,1.5,ers,False,False,False,E¨%,Eb,%,8,0,8
Easy To Love (verse),23,60,C4,0,0,eighth,0,1,0.5,a,True,True,False,E¨%,Eb,%,9,0,9
Easy To Love (verse),24,70,Bb4,6,-1,whole,0,1,4.0,bove,False,False,False,E¨%,Eb,%,7,0,7
Easy To Love (verse),25,70,Bb4,6,-1,whole,0,1,4.0,So,True,False,False,F‹7,F,m7,7,2,5
Easy To Love (verse),26,60,C4,0,0,half,1,1,3.0,worth,True,False,False,B¨9(“4) B¨9,Bb,9(“4) Bb9,9,7,2
Easy To Love (verse),26,62,D4,1,0,quarter,0,1,1.0,the,True,False,False,B¨7(b9),Bb,7(b9),11,7,4
Easy To Love (verse),27,67,G4,4,0,quarter,0,1,1.0,yearn,True,True,False,E¨²,Eb,²,4,0,4
Easy To Love (verse),27,67,G4,4,0,quarter,0,1,1.0,ing,False,False,False,E¨²,Eb,²,4,0,4
Easy To Love (verse),27,67,G4,4,0,half,0,1,2.0,for,True,False,False,A¨²,Ab,²,4,5,11
Easy To Love (verse),28,67,G4,4,0,quarter,0,1,1.0,,,,True,G‹7,G,m7,4,4,0
Easy To Love (verse),29,70,Bb4,6,-1,quarter,0,1,1.0,So,True,False,False,F‹7,F,m7,7,2,5
Easy To Love (verse),29,58,Bb3,-1,-1,quarter,1,1,1.5,swell,True,False,False,F‹7,F,m7,7,2,5
Easy To Love (verse),29,58,Bb3,-1,-1,eighth,0,1,0.5,to,True,False,False,B¨7(b9“4),Bb,7(b9“4),7,7,0
Easy To Love (verse),30,59,Cb4,0,-1,eighth,0,1,0.5,keep,True,False,False,B¨7(b9“4),Bb,7(b9“4),8,7,1
Easy To Love (verse),30,59,Cb4,0,-1,quarter,0,1,1.0,ev,True,True,False,B¨7(b9“4),Bb,7(b9“4),8,7,1
Easy To Love (verse),30,59,Cb4,0,-1,eighth,0,1,0.5,ry,False,False,False,B¨7(b9“4),Bb,7(b9“4),8,7,1
Easy To Love (verse),30,60,C4,0,0,quarter,0,1,1.0,home,True,False,False,B¨9,Bb,9,9,7,2
Easy To Love (verse),30,60,C4,0,0,eighth,0,1,0.5,fireburn,True,True,False,B¨9,Bb,9,9,7,2
Easy To Love (verse),30,62,D4,1,0,eighth,0,1,0.5,,,,True,B¨9,Bb,9,11,7,4
Easy To Love (verse),31,62,D4,1,0,quarter,0,1,1.0,,,,True,G‹7,G,m7,11,4,7
Easy To Love (verse),31,62,D4,1,0,quarter,0,1,1.0,ing,False,False,False,G‹7,G,m7,11,4,7
Easy To Love (verse),31,62,D4,1,0,half,0,1,2.0,for,True,False,False,G‹7,G,m7,11,4,7
Easy To Love (verse),32,62,D4,1,0,quarter,0,1,1.0,,,,True,G¨º7,Gb,dim7,11,3,8
Easy To Love (verse),33,60,C4,0,0,whole,0,1,4.0,We'd,True,False,False,G¨º7,Gb,dim7,9,3,6
Easy To Love (verse),34,53,F3,-4,0,half,1,1,3.0,be,True,False,False,B¨‹7,Bb,m7,2,7,7
Easy To Love (verse),34,55,G3,-3,0,quarter,0,1,1.0,so,True,False,False,C7(b9),C,7(b9),4,9,7
Easy To Love (verse),35,56,Ab3,-2,-1,half,0,1,2.0,grand,True,False,False,F‹7,F,m7,5,2,3
Easy To Love (verse),35,55,G3,-3,0,quarter,1,1,1.5,at,True,False,False,F‹7,F,m7,4,2,2
Easy To Love (verse),35,56,Ab3,-2,-1,eighth,0,1,0.5,the,True,False,False,F‹7,F,m7,5,2,3
Easy To Love (verse),36,62,D4,1,0,half,1,1,3.0,"game,",True,False,False,B¨7,Bb,7,11,7,4
Easy To Love (verse),36,60,C4,0,0,quarter,0,1,1.0,So,True,False,False,B¨7,Bb,7,9,7,2
Easy To Love (verse),37,58,Bb3,-1,-1,half,0,1,2.0,care,True,True,False,E¨²,Eb,²,7,0,7
Easy To Love (verse),37,57,A3,-2,0,quarter,0,1,1.0,free,False,False,False,E¨²,Eb,²,6,0,6
Easy To Love (verse),37,58,Bb3,-1,-1,quarter,0,1,1.0,to,True,True,False,E¨²,Eb,²,7,0,7
Easy To Love (verse),38,65,F4,3,0,quarter,0,1,1.0,geth,False,True,False,A¨9,Ab,9,2,5,9
Easy To Love (verse),38,64,Fb4,3,-1,quarter,0,1,1.0,er,False,False,False,A¨9,Ab,9,1,5,8
Easy To Love (verse),38,63,Eb4,2,-1,quarter,0,1,1.0,that,True,False,False,A¨9,Ab,9,0,5,7
Easy To Love (verse),38,62,D4,1,0,quarter,0,1,1.0,it,True,False,False,A¨9,Ab,9,11,5,6
Easy To Love (verse),39,60,C4,0,0,half,0,1,2.0,does,True,False,False,E¨%,Eb,%,9,0,9
Easy To Love (verse),39,59,B3,-1,0,quarter,1,1,1.5,seem,True,False,False,E¨%,Eb,%,8,0,8
Easy To Love (verse),39,60,C4,0,0,eighth,0,1,0.5,a,True,False,False,E¨%,Eb,%,9,0,9
Easy To Love (verse),40,72,C5,7,0,half,1,1,3.0,shsame,True,False,False,E¨%,Eb,%,9,0,9
Easy To Love (verse),40,67,G4,4,0,quarter,0,1,1.0,that,True,False,False,C7(b9),C,7(b9),4,9,7
Easy To Love (verse),41,70,Bb4,6,-1,half,1,1,3.0,you,True,False,False,F‹7,F,m7,7,2,5
Easy To Love (verse),41,65,F4,3,0,quarter,0,1,1.0,can't,True,False,False,F‹7,F,m7,2,2,0
Easy To Love (verse),42,68,Ab4,5,-1,half,1,1,3.0,see,True,False,False,D¨9,Db,9,5,10,7
Easy To Love (verse),42,63,Eb4,2,-1,quarter,0,1,1.0,your,True,False,False,D¨9,Db,9,0,10,2
Easy To Love (verse),43,67,G4,4,0,half,0,1,2.0,fu,True,True,False,E¨²,Eb,²,4,0,4
Easy To Love (verse),43,62,D4,1,0,quarter,0,1,1.0,ture,False,False,False,E¨²,Eb,²,11,0,11
Easy To Love (verse),43,63,Eb4,2,-1,quarter,0,1,1.0,with,True,False,False,E¨²,Eb,²,0,0,0
Easy To Love (verse),44,65,F4,3,0,quarter,0,1,1.0,me,True,False,False,G‹7,G,m7,2,4,10
Easy To Love (verse),44,64,Fb4,3,-1,quarter,0,1,1.0,'cause,True,False,False,G‹7,G,m7,1,4,9
Easy To Love (verse),44,63,Eb4,2,-1,quarter,0,1,1.0,you'd,True,False,False,G¨º7,Gb,dim7,0,3,9
Easy To Love (verse),44,62,D4,1,0,quarter,0,1,1.0,be,True,False,False,G¨º7,Gb,dim7,11,3,8
Easy To Love (verse),45,60,C4,0,0,half,0,1,2.0,"oh,",True,False,False,F‹7,F,m7,9,2,7
Easy To Love (verse),45,67,G4,4,0,half,0,1,2.0,so,True,False,False,F‹7,F,m7,4,2,2
Easy To Love (verse),46,67,G4,4,0,half,0,1,2.0,Eas,True,True,False,B¨7(b9),Bb,7(b9),4,7,9
Easy To Love (verse),46,66,Gb4,4,-1,quarter,0,1,1.0,y,False,False,False,B¨7(b9),Bb,7(b9),3,7,8
Easy To Love (verse),46,65,F4,3,0,quarter,0,1,1.0,to,True,False,False,B¨7(b9),Bb,7(b9),2,7,7
Easy To Love (verse),47,63,Eb4,2,-1,half,0,1,2.0,love!,True,False,False,E¨6,Eb,6,0,0,0
Easy To Love (verse),47,63,Eb4,2,-1,half,0,1,2.0,,,,True,E¨6,Eb,6,0,0,0
Easy To Love (verse),48,63,Eb4,2,-1,quarter,0,1,1.0,,,,True,E¨6,Eb,6,0,0,0
Every Time We Say Goodbye,1,67,G4,4,0,quarter,1,1,1.5,Ev,True,True,False,E¨^,Eb,maj,4,0,4
Every Time We Say Goodbye,1,67,G4,4,0,eighth,0,1,0.5,'ry,False,False,False,E¨^,Eb,maj,4,0,4
Every Time We Say Goodbye,1,67,G4,4,0,half,0,1,2.0,time,True,False,False,Fm7,F,m7,4,2,2
Every Time We Say Goodbye,2,67,G4,4,0,quarter,0,1,1.0,,,,True,Gm7,G,m7,4,4,0
Every Time We Say Goodbye,2,67,G4,4,0,quarter,0,1,1.0,we,True,False,False,Gm7,G,m7,4,4,0
Every Time We Say Goodbye,2,67,G4,4,0,quarter,0,1,1.0,say,True,False,False,Ab^,Ab,maj,4,5,11
Every Time We Say Goodbye,2,67,G4,4,0,quarter,0,1,1.0,good,True,True,False,Ab^,Ab,maj,4,5,11
Every Time We Say Goodbye,3,67,G4,4,0,half,1,1,3.0,"bye,",False,False,False,Gm7,G,m7,4,4,0
Every Time We Say Goodbye,3,67,G4,4,0,quarter,0,1,1.0,I,True,False,False,C7b9,C,7b9,4,9,7
Every Time We Say Goodbye,4,68,Ab4,5,-1,half,0,1,2.0,die,True,False,False,Fm7,F,m7,5,2,3
Every Time We Say Goodbye,4,68,Ab4,5,-1,eighth,0,1,0.5,,,,True,B¨7,Bb,7,5,7,10
Every Time We Say Goodbye,4,65,F4,3,0,eighth,0,1,0.5,a,True,False,False,B¨7,Bb,7,2,7,7
Every Time We Say Goodbye,4,63,Eb4,2,-1,eighth,0,1,0.5,lit,True,True,False,B¨7,Bb,7,0,7,5
Every Time We Say Goodbye,4,62,D4,1,0,eighth,0,1,0.5,"tle,",False,False,False,B¨7,Bb,7,11,7,4
Every Time We Say Goodbye,5,70,Bb4,6,-1,quarter,0,1,1.0,ev,True,True,False,E¨^,Eb,maj,7,0,7
Every Time We Say Goodbye,5,70,Bb4,6,-1,eighth,0,1,0.5,'ry,False,False,False,E¨^,Eb,maj,7,0,7
Every Time We Say Goodbye,5,70,Bb4,6,-1,half,0,1,2.0,time,True,False,False,Gb7,Gb,7,7,3,4
Every Time We Say Goodbye,6,70,Bb4,6,-1,quarter,0,1,1.0,,,,True,C¨^,Cb,maj,7,8,11
Every Time We Say Goodbye,6,70,Bb4,6,-1,quarter,0,1,1.0,we,True,False,False,C¨^,Cb,maj,7,8,11
Every Time We Say Goodbye,6,70,Bb4,6,-1,quarter,0,1,1.0,say,True,False,False,E7¨5,E,7b5,7,1,6
Every Time We Say Goodbye,6,70,Bb4,6,-1,quarter,0,1,1.0,good,True,True,False,E7¨5,E,7b5,7,1,6
Every Time We Say Goodbye,7,70,Bb4,6,-1,half,0,1,2.0,"bye,",False,False,False,B¨m7,Bb,m7,7,7,0
Every Time We Say Goodbye,7,70,Bb4,6,-1,eighth,0,1,0.5,,,,True,E¨7b9,Eb,7b9,7,0,7
Every Time We Say Goodbye,7,67,G4,4,0,eighth,0,1,0.5,I,True,False,False,E¨7b9,Eb,7b9,4,0,4
Every Time We Say Goodbye,7,68,Ab4,5,-1,eighth,0,1,0.5,wonder,True,False,False,E¨7b9,Eb,7b9,5,0,5
Every Time We Say Goodbye,7,70,Bb4,6,-1,eighth,0,1,0.5,,,,True,E¨7b9,Eb,7b9,7,0,7
Every Time We Say Goodbye,8,71,Cb5,7,-1,half,0,1,2.0,why,True,False,False,Abm7,Ab,m7,8,5,3
Every Time We Say Goodbye,8,71,Cb5,7,-1,eighth,0,1,0.5,,,,True,Db9,Db,9,8,10,10
Every Time We Say Goodbye,8,68,Ab4,5,-1,eighth,0,1,0.5,a,True,False,False,Db9,Db,9,5,10,7
Every Time We Say Goodbye,8,67,G4,4,0,eighth,0,1,0.5,lit,True,True,False,Db9,Db,9,4,10,6
Every Time We Say Goodbye,8,65,F4,3,0,eighth,0,1,0.5,"tle,",False,False,False,Db9,Db,9,2,10,4
Every Time We Say Goodbye,9,75,Eb5,9,-1,quarter,0,1,1.0,why,True,False,False,E¨^/G,Eb,maj/G,0,0,0
Every Time We Say Goodbye,9,75,Eb5,9,-1,eighth,0,1,0.5,the,True,False,False,E¨^/G,Eb,maj/G,0,0,0
Every Time We Say Goodbye,9,75,Eb5,9,-1,quarter,0,1,1.0,gods,True,False,False,Gbdim7,Gb,dim7,0,3,9
Every Time We Say Goodbye,9,75,Eb5,9,-1,quarter,0,1,1.0,a,True,True,False,Gbdim7,Gb,dim7,0,3,9
Every Time We Say Goodbye,10,75,Eb5,9,-1,quarter,0,1,1.0,bove,False,False,False,Fm7,F,m7,0,2,10
Every Time We Say Goodbye,10,74,D5,8,0,half,0,1,2.0,me,True,False,False,Fm7,F,m7,11,2,9
Every Time We Say Goodbye,10,70,Bb4,6,-1,quarter,0,1,1.0,who,True,False,False,B¨7,Bb,7,7,7,0
Every Time We Say Goodbye,11,73,Db5,8,-1,half,0,1,2.0,must,True,False,False,B¨m7,Bb,m7,10,7,3
Every Time We Say Goodbye,11,67,G4,4,0,quarter,0,3,0.66667,be,True,False,False,E¨7,Eb,7,4,0,4
Every Time We Say Goodbye,11,68,Ab4,5,-1,quarter,0,3,0.66667,in,True,False,False,E¨7,Eb,7,5,0,5
Every Time We Say Goodbye,11,70,Bb4,6,-1,quarter,0,3,0.66667,the,True,False,False,E¨7,Eb,7,7,0,7
Every Time We Say Goodbye,12,72,C5,7,0,whole,0,1,4.0,"know,",True,False,False,Ab^,Ab,maj,9,5,4
Every Time We Say Goodbye,13,71,Cb5,7,-1,quarter,0,1,1.0,think,True,False,False,Abm7,Ab,m7,8,5,3
Every Time We Say Goodbye,13,71,Cb5,7,-1,eighth,0,1,0.5,so,True,False,False,Abm7,Ab,m7,8,5,3
Every Time We Say Goodbye,13,71,Cb5,7,-1,quarter,0,1,1.0,lit,True,True,False,Db7,Db,7,8,10,10
Every Time We Say Goodbye,13,71,Cb5,7,-1,quarter,0,1,1.0,tle,False,False,False,Db7,Db,7,8,10,10
Every Time We Say Goodbye,14,71,Cb5,7,-1,quarter,0,1,1.0,of,True,False,False,Gm7,G,m7,8,4,4
Every Time We Say Goodbye,14,70,Bb4,6,-1,half,0,1,2.0,"me,",True,False,False,Gm7,G,m7,7,4,3
Every Time We Say Goodbye,14,63,Eb4,2,-1,eighth,0,1,0.5,they,True,False,False,C7#9,C,7#9,0,9,3
Every Time We Say Goodbye,14,65,F4,3,0,eighth,0,1,0.5,al,True,True,False,C7#9,C,7#9,2,9,5
Every Time We Say Goodbye,15,66,Gb4,4,-1,quarter,0,3,0.66667,low,False,False,False,Cb7,Cb,7,3,8,7
Every Time We Say Goodbye,15,66,Gb4,4,-1,quarter,0,3,0.66667,you,True,False,False,Cb7,Cb,7,3,8,7
Every Time We Say Goodbye,15,63,Eb4,2,-1,quarter,0,3,0.66667,to,True,False,False,Cb7,Cb,7,0,8,4
Every Time We Say Goodbye,15,66,Gb4,4,-1,quarter,0,1,1.0,go.,True,False,False,Fm7/B¨,F,m7/Bb,3,2,1
Every Time We Say Goodbye,15,65,F4,3,0,quarter,0,1,1.0,,,,True,Fm7/B¨,F,m7/Bb,2,2,0
Every Time We Say Goodbye,16,65,F4,3,0,whole,0,1,4.0,,,,True,B¨7b9,Bb,7b9,2,7,7
Every Time We Say Goodbye,17,66,Gb4,4,-1,quarter,1,1,1.5,When,True,False,False,E¨^,Eb,maj,3,0,3
Every Time We Say Goodbye,17,66,Gb4,4,-1,eighth,0,1,0.5,you'renear,True,False,False,E¨^,Eb,maj,3,0,3
Every Time We Say Goodbye,17,66,Gb4,4,-1,half,0,1,2.0,,,,True,Fm7,F,m7,3,2,1
Every Time We Say Goodbye,18,67,G4,4,0,quarter,0,1,1.0,,,,True,Gm7,G,m7,4,4,0
Every Time We Say Goodbye,18,67,G4,4,0,quarter,0,1,1.0,there's,True,False,False,Gm7,G,m7,4,4,0
Every Time We Say Goodbye,18,67,G4,4,0,quarter,0,1,1.0,such,True,False,False,Ab^,Ab,maj,4,5,11
Every Time We Say Goodbye,18,67,G4,4,0,quarter,0,1,1.0,an,True,False,False,Ab^,Ab,maj,4,5,11
Every Time We Say Goodbye,19,67,G4,4,0,half,1,1,3.0,air,True,False,False,Gm7,G,m7,4,4,0
Every Time We Say Goodbye,19,67,G4,4,0,quarter,0,1,1.0,of,True,False,False,C7b9,C,7b9,4,9,7
Every Time We Say Goodbye,20,68,Ab4,5,-1,half,0,1,2.0,spring,True,False,False,Fm7,F,m7,5,2,3
Every Time We Say Goodbye,20,68,Ab4,5,-1,eighth,0,1,0.5,,,,True,B¨7,Bb,7,5,7,10
Every Time We Say Goodbye,20,65,F4,3,0,eighth,0,1,0.5,a,True,True,False,B¨7,Bb,7,2,7,7
Every Time We Say Goodbye,20,63,Eb4,2,-1,eighth,0,1,0.5,bout,False,False,False,B¨7,Bb,7,0,7,5
Every Time We Say Goodbye,20,62,D4,1,0,eighth,0,1,0.5,"it,",True,False,False,B¨7,Bb,7,11,7,4
Every Time We Say Goodbye,21,70,Bb4,6,-1,quarter,0,1,1.0,I,True,False,False,E¨^,Eb,maj,7,0,7
Every Time We Say Goodbye,21,70,Bb4,6,-1,eighth,0,1,0.5,can,True,False,False,E¨^,Eb,maj,7,0,7
Every Time We Say Goodbye,21,70,Bb4,6,-1,half,0,1,2.0,hear,True,False,False,Gb7,Gb,7,7,3,4
Every Time We Say Goodbye,22,70,Bb4,6,-1,quarter,0,1,1.0,,,,True,C¨^,Cb,maj,7,8,11
Every Time We Say Goodbye,22,70,Bb4,6,-1,quarter,0,1,1.0,a,True,False,False,C¨^,Cb,maj,7,8,11
Every Time We Say Goodbye,22,70,Bb4,6,-1,quarter,0,1,1.0,lark,True,False,False,E7¨9,E,7b9,7,1,6
Every Time We Say Goodbye,22,70,Bb4,6,-1,quarter,0,1,1.0,some,True,True,False,E7¨9,E,7b9,7,1,6
Every Time We Say Goodbye,23,70,Bb4,6,-1,half,0,1,2.0,where,False,False,False,B¨m7/E¨,Bb,m7/Eb,7,7,0
Every Time We Say Goodbye,23,70,Bb4,6,-1,eighth,0,1,0.5,,,,True,E¨7b9,Eb,7b9,7,0,7
Every Time We Say Goodbye,23,67,G4,4,0,eighth,0,1,0.5,be,True,True,False,E¨7b9,Eb,7b9,4,0,4
Every Time We Say Goodbye,23,68,Ab4,5,-1,eighth,0,1,0.5,gin,False,False,False,E¨7b9,Eb,7b9,5,0,5
Every Time We Say Goodbye,23,70,Bb4,6,-1,eighth,0,1,0.5,to,True,False,False,E¨7b9,Eb,7b9,7,0,7
Every Time We Say Goodbye,24,72,C5,7,0,half,0,1,2.0,sing,True,False,False,Ab^,Ab,maj,9,5,4
Every Time We Say Goodbye,24,72,C5,7,0,eighth,0,1,0.5,,,,True,D¨7,Db,7,9,10,11
Every Time We Say Goodbye,24,68,Ab4,5,-1,eighth,0,1,0.5,a,True,True,False,D¨7,Db,7,5,10,7
Every Time We Say Goodbye,24,67,G4,4,0,eighth,0,1,0.5,bout,False,False,False,D¨7,Db,7,4,10,6
Every Time We Say Goodbye,24,65,F4,3,0,eighth,0,1,0.5,it.,True,False,False,D¨7,Db,7,2,10,4
Every Time We Say Goodbye,25,75,Eb5,9,-1,quarter,0,1,1.0,There's,True,False,False,E¨^/G,Eb,maj/G,0,0,0
Every Time We Say Goodbye,25,75,Eb5,9,-1,eighth,0,1,0.5,no,True,False,False,E¨^/G,Eb,maj/G,0,0,0
Every Time We Say Goodbye,25,77,F5,10,0,quarter,0,1,1.0,love,True,False,False,Gbdim7,Gb,dim7,2,3,11
Every Time We Say Goodbye,25,75,Eb5,9,-1,quarter,0,1,1.0,song,True,False,False,Gbdim7,Gb,dim7,0,3,9
Every Time We Say Goodbye,26,75,Eb5,9,-1,quarter,0,1,1.0,fin,True,True,False,Fm7,F,m7,0,2,10
Every Time We Say Goodbye,26,74,D5,8,0,half,0,1,2.0,"er,",False,False,False,Fm7,F,m7,11,2,9
Every Time We Say Goodbye,26,70,Bb4,6,-1,eighth,0,1,0.5,but,True,False,False,B¨7,Bb,7,7,7,0
Every Time We Say Goodbye,26,72,C5,7,0,eighth,0,1,0.5,how,True,False,False,B¨7,Bb,7,9,7,2
Every Time We Say Goodbye,27,73,Db5,8,-1,quarter,1,1,1.5,strange,True,False,False,B¨m7,Bb,m7,10,7,3
Every Time We Say Goodbye,27,67,G4,4,0,eighth,0,1,0.5,thechange,True,False,False,E¨7Ab^,Eb,7Abmaj,4,0,4
Every Time We Say Goodbye,27,72,C5,7,0,quarter,1,1,1.5,,,,True,E¨7Ab^,Eb,7Abmaj,9,0,9
Every Time We Say Goodbye,27,67,G4,4,0,eighth,0,1,0.5,from,True,False,False,E¨7Ab^,Eb,7Abmaj,4,0,4
Every Time We Say Goodbye,28,63,Eb4,2,-1,quarter,0,3,0.66667,ma,True,True,False,Abm7,Ab,m7,0,5,7
Every Time We Say Goodbye,28,62,D4,1,0,quarter,0,3,0.66667,jor,False,False,False,Abm7,Ab,m7,11,5,6
Every Time We Say Goodbye,28,63,Eb4,2,-1,quarter,0,3,0.66667,to,True,False,False,Abm7,Ab,m7,0,5,7
Every Time We Say Goodbye,28,70,Bb4,6,-1,quarter,0,1,1.0,mi,True,True,False,D¨13,Db,13,7,10,9
Every Time We Say Goodbye,28,68,Ab4,5,-1,quarter,0,1,1.0,"nor,",False,False,False,D¨13,Db,13,5,10,7
Every Time We Say Goodbye,29,66,Gb4,4,-1,quarter,1,1,1.5,ev,True,True,False,Gm7 C7b9,G,m7 C7b9,3,4,11
Every Time We Say Goodbye,29,66,Gb4,4,-1,eighth,0,1,0.5,'ry,False,False,False,Gm7 C7b9,G,m7 C7b9,3,4,11
Every Time We Say Goodbye,29,66,Gb4,4,-1,half,0,1,2.0,time,True,False,False,Gm7 C7b9,G,m7 C7b9,3,4,11
Every Time We Say Goodbye,30,67,G4,4,0,quarter,0,1,1.0,,,,True,Fm7,F,m7,4,2,2
Every Time We Say Goodbye,30,65,F4,3,0,quarter,0,1,1.0,we,True,False,False,Fm7,F,m7,2,2,0
Every Time We Say Goodbye,30,63,Eb4,2,-1,quarter,0,1,1.0,say,True,False,False,B¨7sus4B¨7b9,Bb,7sus4Bb7b9,0,7,5
Every Time We Say Goodbye,30,62,D4,1,0,quarter,0,1,1.0,good,True,True,False,B¨7sus4B¨7b9,Bb,7sus4Bb7b9,11,7,4
Every Time We Say Goodbye,31,63,Eb4,2,-1,whole,0,1,4.0,bye.,False,False,False,E¨%,Eb,%,0,0,0
Every Time We Say Goodbye,32,63,Eb4,2,-1,whole,0,1,4.0,,,,True,E¨%,Eb,%,0,0,0
Every Time We Say Goodbye,33,66,Gb4,4,-1,quarter,0,1,1.0,,,,True,Fm7,F,m7,3,2,1
Every Time We Say Goodbye,33,65,F4,3,0,quarter,0,1,1.0,we,True,False,False,Fm7,F,m7,2,2,0
Every Time We Say Goodbye,33,63,Eb4,2,-1,quarter,0,1,1.0,say,True,False,False,B¨7susB4¨7b9,Bb,7susB4b7b9,0,7,5
Every Time We Say Goodbye,33,62,D4,1,0,quarter,0,1,1.0,good,True,True,False,B¨7susB4¨7b9,Bb,7susB4b7b9,11,7,4
Every Time We Say Goodbye,34,63,Eb4,2,-1,whole,0,1,4.0,bye.,False,False,False,Cm7,C,m7,0,9,3
Every Time We Say Goodbye,35,62,D4,1,0,quarter,0,1,1.0,Ev,True,True,False,Am7¨5,A,m7b5,11,6,5
Every Time We Say Goodbye,35,61,Db4,1,-1,quarter,0,1,1.0,ry,False,False,False,Am7¨5,A,m7b5,10,6,4
Every Time We Say Goodbye,35,60,C4,0,0,quarter,0,1,1.0,sin,True,True,False,Am7¨5,A,m7b5,9,6,3
Every Time We Say Goodbye,35,59,B3,-1,0,quarter,0,1,1.0,gle,False,False,False,D7,D,7,8,11,9
Every Time We Say Goodbye,36,58,Bb3,-1,-1,half,1,1,3.0,time,True,False,False,Gm7¨5,G,m7b5,7,4,3
Every Time We Say Goodbye,36,60,C4,0,0,quarter,0,1,1.0,we,True,False,False,C13,C,13,9,9,0
Every Time We Say Goodbye,37,65,F4,3,0,half,1,1,3.0,say,True,False,False,F13 B¨13,F,13 Bb13,2,2,0
Every Time We Say Goodbye,37,58,Bb3,-1,-1,quarter,0,1,1.0,good,True,True,False,F13 B¨13,F,13 Bb13,7,2,5
Every Time We Say Goodbye,38,63,Eb4,2,-1,whole,0,1,4.0,bye.,False,False,False,E¨^,Eb,maj,0,0,0
I Concentrate On You,1,55,G3,-3,0,quarter,0,1,1.0,When,True,True,False,C6,C,6,7,0,7
I Concentrate On You,1,57,A3,-2,0,quarter,0,1,1.0,ev,False,True,False,C6,C,6,9,0,9
I Concentrate On You,1,60,C4,0,0,quarter,0,1,1.0,er,False,False,False,C6,C,6,0,0,0
I Concentrate On You,2,59,B3,-1,0,half,1,1,3.0,skies,True,False,False,C²,C,²,11,0,11
I Concentrate On You,2,57,A3,-2,0,quarter,0,1,1.0,look,True,False,False,C²,C,²,9,0,9
I Concentrate On You,3,59,B3,-1,0,quarter,1,1,1.5,grey,True,False,False,C‹(^7),C,m(maj7),11,0,11
I Concentrate On You,3,59,B3,-1,0,eighth,0,1,0.5,to,True,False,False,C‹(^7),C,m(maj7),11,0,11
I Concentrate On You,3,59,B3,-1,0,half,0,1,2.0,me,True,False,False,C‹(^7),C,m(maj7),11,0,11
I Concentrate On You,4,59,B3,-1,0,half,1,1,3.0,,,,True,C‹(^7),C,m(maj7),11,0,11
I Concentrate On You,5,60,C4,0,0,quarter,0,1,1.0,and,True,False,False,C‹7,C,m7,0,0,0
I Concentrate On You,5,63,Eb4,2,-1,quarter,0,3,0.66667,trou,True,True,False,F9,F,9,3,5,10
I Concentrate On You,5,65,F4,3,0,quarter,0,3,0.66667,ble,False,False,False,F9,F,9,5,5,0
I Concentrate On You,5,67,G4,4,0,quarter,0,3,0.66667,be,True,True,False,F9,F,9,7,5,2
I Concentrate On You,6,65,F4,3,0,half,1,1,3.0,gins,False,False,False,B¨‹9,Bb,m9,5,10,7
I Concentrate On You,6,63,Eb4,2,-1,quarter,0,1,1.0,to,True,False,False,E¨9,Eb,9,3,3,0
I Concentrate On You,7,65,F4,3,0,whole,0,1,4.0,"brew,",True,False,False,A¨²,Ab,²,5,8,9
I Concentrate On You,8,65,F4,3,0,half,1,1,3.0,,,,True,A¨²,Ab,²,5,8,9
I Concentrate On You,9,65,F4,3,0,quarter,0,1,1.0,when,True,True,False,DØ7,D,m7b57,5,2,3
I Concentrate On You,9,65,F4,3,0,quarter,0,3,0.66667,ev,False,True,False,DØ7,D,m7b57,5,2,3
I Concentrate On You,9,67,G4,4,0,quarter,0,3,0.66667,er,False,False,False,DØ7,D,m7b57,7,2,5
I Concentrate On You,9,68,Ab4,5,-1,quarter,0,3,0.66667,the,True,False,False,DØ7,D,m7b57,8,2,6
I Concentrate On You,10,67,G4,4,0,quarter,0,1,1.0,win,True,True,False,G7(b9),G,7(b9),7,7,0
I Concentrate On You,10,66,F#4,3,1,quarter,0,1,1.0,ter,False,True,False,G7(b9),G,7(b9),6,7,11
I Concentrate On You,10,65,F4,3,0,half,0,1,2.0,winds,False,False,False,G7(b9),G,7(b9),5,7,10
I Concentrate On You,11,65,F4,3,0,quarter,0,1,1.0,be,True,True,False,C‹7,C,m7,5,0,5
I Concentrate On You,11,63,Eb4,2,-1,quarter,0,1,1.0,come,False,False,False,C‹7,C,m7,3,0,3
I Concentrate On You,11,62,D4,1,0,quarter,0,1,1.0,too,True,False,False,C‹7,C,m7,2,0,2
I Concentrate On You,12,63,Eb4,2,-1,whole,0,1,4.0,"strong,",True,False,False,B¨‹7 E¨7,Bb,m7 Eb7,3,10,5
I Concentrate On You,13,62,D4,1,0,quarter,0,1,1.0,I,True,False,False,A¨9,Ab,9,2,8,6
I Concentrate On You,13,65,F4,3,0,quarter,0,1,1.0,Con,True,True,False,DØ7,D,m7b57,5,2,3
I Concentrate On You,13,64,E4,2,0,quarter,0,1,1.0,cen,False,True,False,DØ7,D,m7b57,4,2,2
I Concentrate On You,14,63,Eb4,2,-1,quarter,0,1,1.0,trate,False,False,False,G7&,G,7&,3,7,8
I Concentrate On You,14,62,D4,1,0,half,0,1,2.0,On,True,False,False,G7&,G,7&,2,7,7
I Concentrate On You,14,60,C4,0,0,quarter,0,1,1.0,You.,True,False,False,G7&,G,7&,0,7,5
I Concentrate On You,15,60,C4,0,0,whole,0,1,4.0,,,,True,C%,C,%,0,0,0
I Concentrate On You,16,60,C4,0,0,half,1,1,3.0,,,,True,D9,D,9,0,2,10
I Concentrate On You,17,55,G3,-3,0,quarter,0,1,1.0,When,True,False,False,C6,C,6,7,0,7
I Concentrate On You,17,57,A3,-2,0,quarter,0,1,1.0,for,True,True,False,C6,C,6,9,0,9
I Concentrate On You,17,60,C4,0,0,quarter,0,1,1.0,tune,False,False,False,C6,C,6,0,0,0
I Concentrate On You,18,59,B3,-1,0,half,1,1,3.0,cries,True,False,False,C²,C,²,11,0,11
I Concentrate On You,18,57,A3,-2,0,quarter,0,1,1.0,"""nay,",True,False,False,C²,C,²,9,0,9
I Concentrate On You,19,59,B3,-1,0,quarter,1,1,1.5,"nay!""",True,False,False,C‹(^7),C,m(maj7),11,0,11
I Concentrate On You,19,59,B3,-1,0,eighth,0,1,0.5,to,True,False,False,C‹(^7),C,m(maj7),11,0,11
I Concentrate On You,19,59,B3,-1,0,half,0,1,2.0,me,True,False,False,C‹(^7),C,m(maj7),11,0,11
I Concentrate On You,20,59,B3,-1,0,half,1,1,3.0,,,,True,C‹(^7),C,m(maj7),11,0,11
I Concentrate On You,21,60,C4,0,0,quarter,0,1,1.0,and,True,False,False,C‹7,C,m7,0,0,0
I Concentrate On You,21,63,Eb4,2,-1,quarter,0,3,0.66667,peo,True,True,False,F9,F,9,3,5,10
I Concentrate On You,21,65,F4,3,0,quarter,0,3,0.66667,ple,False,False,False,F9,F,9,5,5,0
I Concentrate On You,21,67,G4,4,0,quarter,0,3,0.66667,de,True,True,False,F9,F,9,7,5,2
I Concentrate On You,22,65,F4,3,0,half,1,1,3.0,clare,False,False,False,B¨‹7,Bb,m7,5,10,7
I Concentrate On You,22,63,Eb4,2,-1,quarter,0,1,1.0,"""You're",True,False,False,E¨9,Eb,9,3,3,0
I Concentrate On You,23,65,F4,3,0,whole,0,1,4.0,"through,""",True,False,False,A¨^9,Ab,maj9,5,8,9
I Concentrate On You,24,65,F4,3,0,half,1,1,3.0,,,,True,A¨^9,Ab,maj9,5,8,9
I Concentrate On You,25,65,F4,3,0,quarter,0,1,1.0,when,True,True,False,F‹7,F,m7,5,5,0
I Concentrate On You,25,68,Ab4,5,-1,quarter,0,3,0.66667,ev,False,True,False,F‹7,F,m7,8,5,3
I Concentrate On You,25,70,Bb4,6,-1,quarter,0,3,0.66667,er,False,False,False,F‹7,F,m7,10,5,5
I Concentrate On You,25,72,C5,7,0,quarter,0,3,0.66667,the,True,False,False,F‹7,F,m7,0,5,7
I Concentrate On You,26,70,Bb4,6,-1,quarter,0,1,1.0,blues,True,False,False,B¨9,Bb,9,10,10,0
I Concentrate On You,26,69,A4,5,0,quarter,0,1,1.0,be,True,True,False,B¨9,Bb,9,9,10,11
I Concentrate On You,26,68,Ab4,5,-1,half,0,1,2.0,come,False,False,False,B¨9,Bb,9,8,10,10
I Concentrate On You,27,68,G#4,4,1,quarter,0,1,1.0,my,True,False,False,E¨²,Eb,²,8,3,5
I Concentrate On You,27,67,G4,4,0,quarter,0,1,1.0,on,True,True,False,E¨²,Eb,²,7,3,4
I Concentrate On You,27,66,F#4,3,1,quarter,0,1,1.0,ly,False,False,False,E¨²,Eb,²,6,3,3
I Concentrate On You,28,67,G4,4,0,whole,0,1,4.0,"song,",True,False,False,B¨‹7 E¨7,Bb,m7 Eb7,7,10,9
I Concentrate On You,29,62,D4,1,0,quarter,0,1,1.0,I,True,False,False,DØ7,D,m7b57,2,2,0
I Concentrate On You,29,65,F4,3,0,quarter,0,1,1.0,Con,True,True,False,DØ7,D,m7b57,5,2,3
I Concentrate On You,29,64,E4,2,0,quarter,0,1,1.0,cen,False,True,False,DØ7,D,m7b57,4,2,2
I Concentrate On You,30,63,Eb4,2,-1,quarter,0,1,1.0,trate,False,False,False,G7&,G,7&,3,7,8
I Concentrate On You,30,62,D4,1,0,half,0,1,2.0,On,True,False,False,G7&,G,7&,2,7,7
I Concentrate On You,30,60,C4,0,0,quarter,0,1,1.0,You.,True,False,False,G7&,G,7&,0,7,5
I Concentrate On You,31,60,C4,0,0,whole,0,1,4.0,,,,True,C6 D‹7/G C,C,6 Dm7/G C,0,0,0
I Concentrate On You,32,60,C4,0,0,quarter,0,1,1.0,,,,True,C6 D‹7/G C,C,6 Dm7/G C,0,0,0
I Concentrate On You,32,60,C4,0,0,quarter,0,1,1.0,On,True,False,False,C6 D‹7/G C,C,6 Dm7/G C,0,0,0
I Concentrate On You,32,65,F4,3,0,quarter,0,1,1.0,your,True,False,False,C6 D‹7/G C,C,6 Dm7/G C,5,0,5
I Concentrate On You,33,69,A4,5,0,half,1,1,3.0,smile,True,False,False,F©Ø7,F#,m7b57,9,6,3
I Concentrate On You,33,69,A4,5,0,quarter,0,1,1.0,so,True,False,False,F©Ø7,F#,m7b57,9,6,3
I Concentrate On You,34,68,G#4,4,1,half,1,1,3.0,"sweet,",True,False,False,F‹7,F,m7,8,5,3
I Concentrate On You,34,68,G#4,4,1,quarter,0,1,1.0,so,True,False,False,B¨9,Bb,9,8,10,10
I Concentrate On You,35,68,G#4,4,1,half,0,1,2.0,ten,True,True,False,E‹7,E,m7,8,4,4
I Concentrate On You,35,67,G4,4,0,half,0,1,2.0,"der,",False,False,False,E‹7,E,m7,7,4,3
I Concentrate On You,36,67,G4,4,0,half,0,1,2.0,,,,True,A‹7,A,m7,7,9,10
I Concentrate On You,36,55,G3,-3,0,quarter,1,1,1.5,when,True,False,False,A‹7,A,m7,7,9,10
I Concentrate On You,36,55,G3,-3,0,eighth,0,1,0.5,at,True,False,False,A‹7,A,m7,7,9,10
I Concentrate On You,37,65,F4,3,0,half,1,1,3.0,first,True,False,False,D‹7,D,m7,5,2,3
I Concentrate On You,37,65,F4,3,0,quarter,0,1,1.0,my,True,False,False,D‹7,D,m7,5,2,3
I Concentrate On You,38,65,F4,3,0,half,0,1,2.0,kiss,True,False,False,G7(#9),G,7(#9),5,7,10
I Concentrate On You,38,64,E4,2,0,quarter,1,1,1.5,you,True,False,False,G7(#9),G,7(#9),4,7,9
I Concentrate On You,38,63,D#4,1,1,eighth,0,1,0.5,de,True,True,False,G7(#9),G,7(#9),3,7,8
I Concentrate On You,39,64,E4,2,0,whole,0,1,4.0,cline.,False,False,False,C%,C,%,4,0,4
I Concentrate On You,40,64,E4,2,0,half,0,1,2.0,,,,True,A‹7,A,m7,4,9,7
I Concentrate On You,40,60,C4,0,0,quarter,1,1,1.5,On,True,False,False,A‹7,A,m7,0,9,3
I Concentrate On You,40,60,C4,0,0,eighth,0,1,0.5,the,True,False,False,A‹7,A,m7,0,9,3
I Concentrate On You,41,69,A4,5,0,half,0,1,2.0,light,True,False,False,F7,F,7,9,5,4
I Concentrate On You,41,69,A4,5,0,quarter,0,1,1.0,in,True,False,False,F7,F,7,9,5,4
I Concentrate On You,41,69,A4,5,0,quarter,0,1,1.0,your,True,False,False,F7,F,7,9,5,4
I Concentrate On You,42,68,Ab4,5,-1,half,0,1,2.0,"eyes,",True,False,False,F‹7,F,m7,8,5,3
I Concentrate On You,42,68,Ab4,5,-1,quarter,0,3,0.66667,when,True,False,False,B¨7,Bb,7,8,10,10
I Concentrate On You,42,70,Bb4,6,-1,quarter,0,3,0.66667,you,True,False,False,B¨7,Bb,7,10,10,0
I Concentrate On You,42,68,Ab4,5,-1,quarter,0,3,0.66667,sur,True,True,False,B¨7,Bb,7,8,10,10
I Concentrate On You,43,68,Ab4,5,-1,half,0,1,2.0,ren,False,True,False,E¨²,Eb,²,8,3,5
I Concentrate On You,43,67,G4,4,0,half,0,1,2.0,der,False,False,False,E¨/D,Eb,/D,7,3,4
I Concentrate On You,44,67,G4,4,0,quarter,0,1,1.0,,,,True,C‹7,C,m7,7,0,7
I Concentrate On You,44,67,G4,4,0,quarter,0,1,1.0,and,True,False,False,C‹7,C,m7,7,0,7
I Concentrate On You,44,67,G4,4,0,quarter,0,1,1.0,once,True,False,False,C‹/B¨,C,m/Bb,7,0,7
I Concentrate On You,44,67,G4,4,0,quarter,0,1,1.0,a,True,True,False,C‹/B¨,C,m/Bb,7,0,7
I Concentrate On You,45,67,G4,4,0,half,1,1,3.0,gain,True,False,False,AØ7,A,m7b57,7,9,10
I Concentrate On You,45,67,G4,4,0,quarter,0,1,1.0,our,True,False,False,AØ7,A,m7b57,7,9,10
I Concentrate On You,46,69,A4,5,0,half,1,1,3.0,arms,True,False,False,D7,D,7,9,2,7
I Concentrate On You,46,67,G4,4,0,eighth,0,1,0.5,in,True,True,False,D7,D,7,7,2,5
I Concentrate On You,46,69,A4,5,0,eighth,0,1,0.5,ter,False,True,False,D7,D,7,9,2,7
I Concentrate On You,47,71,B4,6,0,whole,0,1,4.0,twine.,False,False,False,G%,G,%,11,7,4
I Concentrate On You,48,71,B4,6,0,half,1,1,3.0,,,,True,C©7(b5),C#,7(b5),11,1,10
I Concentrate On You,49,72,C5,7,0,quarter,0,1,1.0,And,True,False,False,C,C,,0,0,0
I Concentrate On You,49,72,C5,7,0,quarter,0,1,1.0,so,True,False,False,C,C,,0,0,0
I Concentrate On You,49,72,C5,7,0,quarter,0,1,1.0,when,True,False,False,C,C,,0,0,0
I Concentrate On You,50,71,B4,6,0,half,1,1,3.0,wise,True,True,False,E‹7,E,m7,11,4,7
I Concentrate On You,50,67,G4,4,0,quarter,0,1,1.0,men,False,False,False,E‹7,E,m7,7,4,3
I Concentrate On You,51,69,A4,5,0,quarter,1,1,1.5,say,True,False,False,F©Ø7,F#,m7b57,9,6,3
I Concentrate On You,51,69,A4,5,0,eighth,0,1,0.5,to,True,False,False,F©Ø7,F#,m7b57,9,6,3
I Concentrate On You,51,69,A4,5,0,half,0,1,2.0,me,True,False,False,F©Ø7,F#,m7b57,9,6,3
I Concentrate On You,52,69,A4,5,0,half,1,1,3.0,,,,True,F©Ø7,F#,m7b57,9,6,3
I Concentrate On You,53,69,A4,5,0,quarter,0,1,1.0,that,True,False,False,G7/F,G,7/F,9,7,2
I Concentrate On You,53,68,G#4,4,1,quarter,0,1,1.0,love's,True,False,False,G7/F,G,7/F,8,7,1
I Concentrate On You,53,69,A4,5,0,quarter,0,1,1.0,young,True,False,False,G7/F,G,7/F,9,7,2
I Concentrate On You,54,67,G4,4,0,half,0,1,2.0,dream,True,False,False,E‹7,E,m7,7,4,3
I Concentrate On You,54,55,G3,-3,0,quarter,0,3,0.66667,nev,True,True,False,A‹7,A,m7,7,9,10
I Concentrate On You,54,57,A3,-2,0,quarter,0,3,0.66667,er,False,False,False,A‹7,A,m7,9,9,0
I Concentrate On You,54,60,C4,0,0,quarter,0,3,0.66667,comes,True,False,False,A‹7,A,m7,0,9,3
I Concentrate On You,55,64,E4,2,0,whole,0,1,4.0,true.,True,False,False,B‹7,B,m7,4,11,5
I Concentrate On You,56,64,E4,2,0,half,1,1,3.0,,,,True,E7,E,7,4,4,0
I Concentrate On You,57,64,E4,2,0,quarter,0,1,1.0,To,True,False,False,EØ7/B¨,E,m7b57/Bb,4,4,0
I Concentrate On You,57,67,G4,4,0,quarter,0,1,1.0,prove,True,False,False,EØ7/B¨,E,m7b57/Bb,7,4,3
I Concentrate On You,57,65,F4,3,0,quarter,0,1,1.0,that,True,False,False,EØ7/B¨,E,m7b57/Bb,5,4,1
I Concentrate On You,58,65,F4,3,0,half,1,1,3.0,e,True,True,False,A7&(b9),A,7&(b9),5,9,8
I Concentrate On You,58,64,E4,2,0,quarter,0,1,1.0,ven,False,False,False,A7(b9),A,7(b9),4,9,7
I Concentrate On You,59,64,E4,2,0,quarter,0,1,1.0,wise,True,True,False,D‹7,D,m7,4,2,2
I Concentrate On You,59,62,D4,1,0,quarter,0,1,1.0,men,False,False,False,D‹7,D,m7,2,2,0
I Concentrate On You,59,61,C#4,0,1,quarter,1,1,1.5,can,True,False,False,D‹7,D,m7,1,2,11
I Concentrate On You,59,62,D4,1,0,eighth,0,1,0.5,be,True,False,False,D‹7,D,m7,2,2,0
I Concentrate On You,60,69,A4,5,0,whole,0,1,4.0,"wrong,",True,False,False,D‹7,D,m7,9,2,7
I Concentrate On You,61,62,D4,1,0,quarter,0,1,1.0,I,True,False,False,DØ7,D,m7b57,2,2,0
I Concentrate On You,61,65,F4,3,0,quarter,0,1,1.0,Con,True,True,False,DØ7,D,m7b57,5,2,3
I Concentrate On You,61,64,E4,2,0,quarter,0,1,1.0,cen,False,True,False,DØ7,D,m7b57,4,2,2
I Concentrate On You,62,63,Eb4,2,-1,quarter,0,1,1.0,trate,False,False,False,DØ7,D,m7b57,3,2,1
I Concentrate On You,62,62,D4,1,0,half,0,1,2.0,On,True,False,False,G7,G,7,2,7,7
I Concentrate On You,62,60,C4,0,0,quarter,0,1,1.0,You.,True,False,False,G7,G,7,0,7,5
I Concentrate On You,63,60,C4,0,0,whole,0,1,4.0,,,,True,C,C,,0,0,0
I Concentrate On You,64,60,C4,0,0,half,1,1,3.0,,,,True,D‹7,D,m7,0,2,10
I Concentrate On You,65,60,C4,0,0,half,0,1,2.0,,,,True,D‹7,D,m7,0,2,10
I Concentrate On You,65,60,C4,0,0,half,0,1,2.0,I,True,False,False,C6,C,6,0,0,0
I Concentrate On You,66,62,D4,1,0,quarter,1,1,1.5,con,True,True,False,D‹7,D,m7,2,2,0
I Concentrate On You,66,62,D4,1,0,eighth,0,1,0.5,cen,False,True,False,D‹7,D,m7,2,2,0
I Concentrate On You,66,62,D4,1,0,half,0,1,2.0,"trate,",False,False,False,D‹7,D,m7,2,2,0
I Concentrate On You,67,62,D4,1,0,half,0,1,2.0,,,,True,D‹7,D,m7,2,2,0
I Concentrate On You,67,62,D4,1,0,half,0,1,2.0,and,True,False,False,D‹7,D,m7,2,2,0
I Concentrate On You,68,64,E4,2,0,quarter,1,1,1.5,con,True,True,False,G13(b9),G,13(b9),4,7,9
I Concentrate On You,68,64,E4,2,0,eighth,0,1,0.5,centrate,False,False,False,G13(b9),G,13(b9),4,7,9
I Concentrate On You,68,64,E4,2,0,half,0,1,2.0,,,,True,G13(b9),G,13(b9),4,7,9
I Concentrate On You,69,64,E4,2,0,half,0,1,2.0,,,,True,G13(b9),G,13(b9),4,7,9
I Concentrate On You,69,67,G4,4,0,half,0,1,2.0,on,True,False,False,C©9,C#,9,7,1,6
I Concentrate On You,70,67,G4,4,0,whole,0,1,4.0,you.,True,False,False,C%,C,%,7,0,7
I Concentrate On You,71,67,G4,4,0,whole,0,1,4.0,,,,True,C%,C,%,7,0,7
I Concentrate On You,72,67,G4,4,0,quarter,0,1,1.0,,,,True,C%,C,%,7,0,7
It's All Right With Me,1,57,A3,-2,0,quarter,0,1,1.0,It's,True,False,False,,,,9,,
It's All Right With Me,1,59,B3,-1,0,quarter,0,1,1.0,the,True,False,False,,,,11,,
It's All Right With Me,2,60,C4,0,0,half,0,1,2.0,wrong,True,False,False,Am,A,m,0,9,3
It's All Right With Me,2,64,E4,2,0,half,0,1,2.0,time,True,False,False,Am,A,m,4,9,7
It's All Right With Me,3,64,E4,2,0,half,0,1,2.0,,,,True,Am^,A,mmaj,4,9,7
It's All Right With Me,3,57,A3,-2,0,quarter,0,1,1.0,and,True,False,False,Am^,A,mmaj,9,9,0
It's All Right With Me,3,59,B3,-1,0,quarter,0,1,1.0,the,True,False,False,Am^,A,mmaj,11,9,2
It's All Right With Me,4,60,C4,0,0,half,0,1,2.0,wrong,True,False,False,Am7,A,m7,0,9,3
It's All Right With Me,4,64,E4,2,0,half,0,1,2.0,place.,True,False,False,Am7,A,m7,4,9,7
It's All Right With Me,5,64,E4,2,0,half,0,1,2.0,,,,True,Am6,A,m6,4,9,7
It's All Right With Me,5,57,A3,-2,0,quarter,0,1,1.0,Thoughyour,True,False,False,Am6,A,m6,9,9,0
It's All Right With Me,5,59,B3,-1,0,quarter,0,1,1.0,,,,True,Am6,A,m6,11,9,2
It's All Right With Me,6,60,C4,0,0,half,0,1,2.0,face,True,False,False,Am7,A,m7,0,9,3
It's All Right With Me,6,62,D4,1,0,quarter,0,1,1.0,is,True,False,False,Am7,A,m7,2,9,5
It's All Right With Me,6,64,E4,2,0,quarter,0,1,1.0,char,True,True,False,Am7,A,m7,4,9,7
It's All Right With Me,7,64,E4,2,0,quarter,0,1,1.0,,,,True,Am6,A,m6,4,9,7
It's All Right With Me,7,60,C4,0,0,quarter,0,1,1.0,ming,False,False,False,Am6,A,m6,0,9,3
It's All Right With Me,7,62,D4,1,0,quarter,0,1,1.0,it's,True,False,False,Am6,A,m6,2,9,5
It's All Right With Me,7,64,E4,2,0,quarter,0,1,1.0,the,True,False,False,Am6,A,m6,4,9,7
It's All Right With Me,8,65,F4,3,0,half,0,1,2.0,wrong,True,False,False,Dm7,D,m7,5,2,3
It's All Right With Me,8,69,A4,5,0,half,0,1,2.0,face.,True,False,False,Dm7,D,m7,9,2,7
It's All Right With Me,9,69,A4,5,0,half,0,1,2.0,,,,True,Dm7,D,m7,9,2,7
It's All Right With Me,9,68,G#4,4,1,quarter,0,1,1.0,It's,True,False,False,Dm7,D,m7,8,2,6
It's All Right With Me,9,69,A4,5,0,quarter,0,1,1.0,not,True,False,False,Dm7,D,m7,9,2,7
It's All Right With Me,10,71,B4,6,0,half,0,1,2.0,his,True,False,False,G7,G,7,11,7,4
It's All Right With Me,10,69,A4,5,0,half,0,1,2.0,face,True,False,False,G7,G,7,9,7,2
It's All Right With Me,11,59,B3,-1,0,quarter,0,1,1.0,but,True,False,False,G7,G,7,11,7,4
It's All Right With Me,11,58,Bb3,-1,-1,quarter,0,1,1.0,such,True,False,False,G7,G,7,10,7,3
It's All Right With Me,11,59,B3,-1,0,quarter,0,1,1.0,a,True,False,False,G7,G,7,11,7,4
It's All Right With Me,12,69,A4,5,0,half,0,1,2.0,char,True,True,False,EØ,E,m7b5,9,4,5
It's All Right With Me,12,68,G#4,4,1,quarter,0,1,1.0,ming,False,False,False,EØ,E,m7b5,8,4,4
It's All Right With Me,12,67,G4,4,0,quarter,0,1,1.0,face,True,False,False,EØ,E,m7b5,7,4,3
It's All Right With Me,13,67,G4,4,0,half,0,1,2.0,,,,True,A7¨9,A,7b9,7,9,10
It's All Right With Me,13,57,A3,-2,0,quarter,0,1,1.0,that,True,False,False,A7¨9,A,7b9,9,9,0
It's All Right With Me,13,59,B3,-1,0,quarter,0,1,1.0,it's,True,False,False,A7¨9,A,7b9,11,9,2
It's All Right With Me,14,60,C4,0,0,half,0,1,2.0,all,True,True,False,A7¨9,A,7b9,0,9,3
It's All Right With Me,14,64,E4,2,0,half,0,1,2.0,right,False,False,False,D7,D,7,4,2,2
It's All Right With Me,15,64,E4,2,0,half,1,1,3.0,,,,True,D7,D,7,4,2,2
It's All Right With Me,15,62,D4,1,0,quarter,0,1,1.0,with,True,False,False,D7,D,7,2,2,0
It's All Right With Me,16,59,B3,-1,0,whole,0,1,4.0,me.,True,False,False,BØ,B,m7b5,11,11,0
It's All Right With Me,17,59,B3,-1,0,half,0,1,2.0,,,,True,E7¨9,E,7b9,11,4,7
It's All Right With Me,17,57,A3,-2,0,quarter,0,1,1.0,It's,True,False,False,E7¨9,E,7b9,9,4,5
It's All Right With Me,17,59,B3,-1,0,quarter,0,1,1.0,the,True,False,False,E7¨9,E,7b9,11,4,7
It's All Right With Me,18,60,C4,0,0,half,0,1,2.0,all,True,True,False,E7¨9,E,7b9,0,4,8
It's All Right With Me,18,64,E4,2,0,half,0,1,2.0,right,False,False,False,Dm7,D,m7,4,2,2
It's All Right With Me,19,64,E4,2,0,half,0,1,2.0,,,,True,G7,G,7,4,7,9
It's All Right With Me,19,62,D4,1,0,half,0,1,2.0,with,True,False,False,G7,G,7,2,7,7
It's All Right With Me,20,60,C4,0,0,whole,0,1,4.0,me.,True,False,False,C%,C,%,0,0,0
It's All Right With Me,21,60,C4,0,0,half,0,1,2.0,,,,True,C%,C,%,0,0,0
It's All Right With Me,21,60,C4,0,0,quarter,0,1,1.0,You,True,False,False,C%,C,%,0,0,0
It's All Right With Me,22,67,G4,4,0,half,0,1,2.0,can't,True,False,False,EØ,E,m7b5,7,4,3
It's All Right With Me,22,67,G4,4,0,quarter,0,1,1.0,know,True,False,False,EØ,E,m7b5,7,4,3
It's All Right With Me,22,69,A4,5,0,quarter,0,1,1.0,how,True,False,False,EØ,E,m7b5,9,4,5
It's All Right With Me,23,70,Bb4,6,-1,quarter,0,1,1.0,hap,True,True,False,A7¨9,A,7b9,10,9,1
It's All Right With Me,23,70,Bb4,6,-1,half,0,1,2.0,py,False,False,False,A7¨9,A,7b9,10,9,1
It's All Right With Me,23,67,G4,4,0,quarter,0,1,1.0,I,True,False,False,A7¨9,A,7b9,7,9,10
It's All Right With Me,24,66,F#4,3,1,half,0,1,2.0,am,True,False,False,D7,D,7,6,2,4
It's All Right With Me,24,66,F#4,3,1,quarter,0,1,1.0,that,True,False,False,D7,D,7,6,2,4
It's All Right With Me,24,67,G4,4,0,quarter,0,1,1.0,we,True,False,False,D7,D,7,7,2,5
It's All Right With Me,25,69,A4,5,0,half,1,1,3.0,"met,",True,False,False,D7,D,7,9,2,7
It's All Right With Me,25,66,F#4,3,1,quarter,0,1,1.0,I'm,True,False,False,D7,D,7,6,2,4
It's All Right With Me,26,65,F4,3,0,half,0,1,2.0,strange,True,True,False,DØ,D,m7b5,5,2,3
It's All Right With Me,26,65,F4,3,0,quarter,0,1,1.0,ly,False,False,False,DØ,D,m7b5,5,2,3
It's All Right With Me,26,67,G4,4,0,quarter,0,1,1.0,at,True,True,False,DØ,D,m7b5,7,2,5
It's All Right With Me,27,67,G4,4,0,quarter,0,1,1.0,trac,False,True,False,G7¨9,G,7b9,7,7,0
It's All Right With Me,27,68,G#4,4,1,half,0,1,2.0,ted,False,False,False,G7¨9,G,7b9,8,7,1
It's All Right With Me,27,65,F4,3,0,quarter,0,1,1.0,to,True,False,False,G7¨9,G,7b9,5,7,10
It's All Right With Me,28,64,E4,2,0,whole,0,1,4.0,you.,True,False,False,C^,C,maj,4,0,4
It's All Right With Me,29,64,E4,2,0,half,0,1,2.0,,,,True,C^,C,maj,4,0,4
It's All Right With Me,29,60,C4,0,0,quarter,0,1,1.0,There's,True,False,False,C^,C,maj,0,0,0
It's All Right With Me,30,67,G4,4,0,half,0,1,2.0,some,True,True,False,EØ,E,m7b5,7,4,3
It's All Right With Me,30,67,G4,4,0,quarter,0,1,1.0,one,False,False,False,EØ,E,m7b5,7,4,3
It's All Right With Me,30,69,A4,5,0,quarter,0,1,1.0,I'm,True,False,False,EØ,E,m7b5,9,4,5
It's All Right With Me,31,70,Bb4,6,-1,quarter,0,1,1.0,try,True,True,False,EØ,E,m7b5,10,4,6
It's All Right With Me,31,70,Bb4,6,-1,half,0,1,2.0,ing,False,False,False,A7¨9,A,7b9,10,9,1
It's All Right With Me,31,67,G4,4,0,quarter,0,1,1.0,so,True,False,False,A7¨9,A,7b9,7,9,10
It's All Right With Me,32,66,F#4,3,1,half,0,1,2.0,hard,True,False,False,D7,D,7,6,2,4
It's All Right With Me,32,66,F#4,3,1,quarter,0,1,1.0,to,True,False,False,D7,D,7,6,2,4
It's All Right With Me,32,67,G4,4,0,quarter,0,1,1.0,for,True,True,False,D7,D,7,7,2,5
It's All Right With Me,33,69,A4,5,0,half,1,1,3.0,"get,",False,False,False,D7,D,7,9,2,7
It's All Right With Me,33,66,F#4,3,1,quarter,0,1,1.0,Don't,True,False,False,D7,D,7,6,2,4
It's All Right With Me,34,65,F4,3,0,half,0,1,2.0,you,True,False,False,DØ,D,m7b5,5,2,3
It's All Right With Me,34,65,F4,3,0,eighth,0,1,0.5,want,True,False,False,DØ,D,m7b5,5,2,3
It's All Right With Me,34,65,F4,3,0,quarter,0,1,1.0,to,True,False,False,DØ,D,m7b5,5,2,3
It's All Right With Me,34,65,F4,3,0,eighth,0,1,0.5,for,True,True,False,DØ,D,m7b5,5,2,3
It's All Right With Me,35,65,F4,3,0,quarter,0,1,1.0,get,False,False,False,G7¨9,G,7b9,5,7,10
It's All Right With Me,35,67,G4,4,0,half,0,1,2.0,some,True,True,False,G7¨9,G,7b9,7,7,0
It's All Right With Me,35,65,F4,3,0,quarter,0,1,1.0,one,False,False,False,G7¨9,G,7b9,5,7,10
It's All Right With Me,36,64,E4,2,0,whole,0,1,4.0,too.,True,False,False,BØ,B,m7b5,4,11,5
It's All Right With Me,37,64,E4,2,0,half,0,1,2.0,,,,True,E7,E,7,4,4,0
It's All Right With Me,37,57,A3,-2,0,quarter,0,1,1.0,It's,True,False,False,E7,E,7,9,4,5
It's All Right With Me,37,59,B3,-1,0,quarter,0,1,1.0,the,True,False,False,E7,E,7,11,4,7
It's All Right With Me,38,60,C4,0,0,half,0,1,2.0,wrong,True,False,False,Am,A,m,0,9,3
It's All Right With Me,38,64,E4,2,0,half,0,1,2.0,"game,",True,False,False,Am,A,m,4,9,7
It's All Right With Me,39,64,E4,2,0,half,0,1,2.0,,,,True,Am^,A,mmaj,4,9,7
It's All Right With Me,39,57,A3,-2,0,quarter,0,1,1.0,with,True,False,False,Am^,A,mmaj,9,9,0
It's All Right With Me,39,59,B3,-1,0,quarter,0,1,1.0,the,True,False,False,Am^,A,mmaj,11,9,2
It's All Right With Me,40,60,C4,0,0,half,0,1,2.0,wrong,True,False,False,Am7,A,m7,0,9,3
It's All Right With Me,40,64,E4,2,0,half,0,1,2.0,chips,True,False,False,Am7,A,m7,4,9,7
It's All Right With Me,41,64,E4,2,0,half,0,1,2.0,,,,True,Am6,A,m6,4,9,7
It's All Right With Me,41,57,A3,-2,0,quarter,0,1,1.0,though,True,False,False,Am6,A,m6,9,9,0
It's All Right With Me,41,59,B3,-1,0,quarter,0,1,1.0,your,True,False,False,Am6,A,m6,11,9,2
It's All Right With Me,42,60,C4,0,0,half,0,1,2.0,lips,True,False,False,Am7,A,m7,0,9,3
It's All Right With Me,42,62,D4,1,0,quarter,0,1,1.0,are,True,False,False,Am7,A,m7,2,9,5
It's All Right With Me,42,64,E4,2,0,quarter,0,1,1.0,temp,True,True,False,Am7,A,m7,4,9,7
It's All Right With Me,43,60,C4,0,0,quarter,0,1,1.0,,,,True,Am6,A,m6,0,9,3
It's All Right With Me,43,60,C4,0,0,quarter,0,1,1.0,ting,False,False,False,Am6,A,m6,0,9,3
It's All Right With Me,43,62,D4,1,0,quarter,0,1,1.0,they're,True,False,False,Am6,A,m6,2,9,5
It's All Right With Me,43,64,E4,2,0,quarter,0,1,1.0,the,True,False,False,Am6,A,m6,4,9,7
It's All Right With Me,44,65,F4,3,0,half,0,1,2.0,wrong,True,False,False,Dm7,D,m7,5,2,3
It's All Right With Me,44,69,A4,5,0,half,0,1,2.0,"lips,",True,False,False,Dm7,D,m7,9,2,7
It's All Right With Me,45,69,A4,5,0,half,0,1,2.0,,,,True,Dm7,D,m7,9,2,7
It's All Right With Me,45,68,G#4,4,1,quarter,0,1,1.0,They're,True,False,False,Dm7,D,m7,8,2,6
It's All Right With Me,45,69,A4,5,0,quarter,0,1,1.0,not,True,False,False,Dm7,D,m7,9,2,7
It's All Right With Me,46,71,B4,6,0,half,0,1,2.0,his,True,False,False,G7,G,7,11,7,4
It's All Right With Me,46,69,A4,5,0,half,0,1,2.0,lips,True,False,False,G7,G,7,9,7,2
It's All Right With Me,47,59,B3,-1,0,quarter,0,1,1.0,but,True,False,False,G7,G,7,11,7,4
It's All Right With Me,47,58,Bb3,-1,-1,quarter,0,1,1.0,they're,True,False,False,G7,G,7,10,7,3
It's All Right With Me,47,59,B3,-1,0,quarter,0,1,1.0,such,True,False,False,G7,G,7,11,7,4
It's All Right With Me,48,69,A4,5,0,half,0,1,2.0,temp,True,True,False,EØ,E,m7b5,9,4,5
It's All Right With Me,48,68,G#4,4,1,quarter,0,1,1.0,ting,False,False,False,EØ,E,m7b5,8,4,4
It's All Right With Me,48,67,G4,4,0,quarter,0,1,1.0,lips,True,False,False,EØ,E,m7b5,7,4,3
It's All Right With Me,49,67,G4,4,0,half,0,1,2.0,,,,True,A7¨9,A,7b9,7,9,10
It's All Right With Me,49,57,A3,-2,0,quarter,0,1,1.0,that,True,False,False,A7¨9,A,7b9,9,9,0
It's All Right With Me,49,59,B3,-1,0,quarter,0,1,1.0,if,True,False,False,A7¨9,A,7b9,11,9,2
It's All Right With Me,50,60,C4,0,0,half,0,1,2.0,some,True,False,False,D7,D,7,0,2,10
It's All Right With Me,50,64,E4,2,0,half,0,1,2.0,night,True,False,False,D7,D,7,4,2,2
It's All Right With Me,51,64,E4,2,0,half,1,1,3.0,,,,True,D7,D,7,4,2,2
It's All Right With Me,51,62,D4,1,0,quarter,0,1,1.0,you're,True,False,False,D7,D,7,2,2,0
It's All Right With Me,52,59,B3,-1,0,whole,0,1,4.0,free.,True,False,False,Dm7,D,m7,11,2,9
It's All Right With Me,53,59,B3,-1,0,half,0,1,2.0,,,,True,G7,G,7,11,7,4
It's All Right With Me,53,60,C4,0,0,quarter,0,1,1.0,Then,True,False,False,G7,G,7,0,7,5
It's All Right With Me,53,62,D4,1,0,quarter,0,1,1.0,it's,True,False,False,G7,G,7,2,7,7
It's All Right With Me,54,64,E4,2,0,half,0,1,2.0,all,True,True,False,C^,C,maj,4,0,4
It's All Right With Me,54,67,G4,4,0,half,0,1,2.0,right,False,False,False,C^,C,maj,7,0,7
It's All Right With Me,55,67,G4,4,0,half,0,1,2.0,,,,True,C7,C,7,7,0,7
It's All Right With Me,55,68,G#4,4,1,half,0,1,2.0,it's,True,False,False,C7,C,7,8,0,8
It's All Right With Me,56,69,A4,5,0,half,0,1,2.0,all,True,True,False,F^,F,maj,9,5,4
It's All Right With Me,56,72,C5,7,0,half,0,1,2.0,right,False,False,False,F^,F,maj,0,5,7
It's All Right With Me,57,72,C5,7,0,half,1,1,3.0,,,,True,F^,F,maj,0,5,7
It's All Right With Me,57,69,A4,5,0,quarter,0,1,1.0,it's,True,False,False,F^,F,maj,9,5,4
It's All Right With Me,58,72,C5,7,0,whole,0,1,4.0,all,True,True,False,Dm7,D,m7,0,2,10
It's All Right With Me,59,72,C5,7,0,half,0,1,2.0,right,False,False,False,G9sus4,G,9sus4,0,7,5
It's All Right With Me,59,72,C5,7,0,half,0,1,2.0,with,True,False,False,G9sus4,G,9sus4,0,7,5
It's All Right With Me,60,72,C5,7,0,whole,0,1,4.0,me.,True,False,False,C%,C,%,0,0,0
It's All Right With Me,61,72,C5,7,0,whole,0,1,4.0,,,,True,C%,C,%,0,0,0
At Long Last Love,1,62,D4,1,0,quarter,0,3,0.66667,Is,True,False,False,F13,F,13,9,0,9
At Long Last Love,1,63,Eb4,2,-1,quarter,0,3,0.66667,it,True,False,False,F13,F,13,10,0,10
At Long Last Love,1,65,F4,3,0,quarter,0,3,0.66667,an,True,False,False,F13,F,13,0,0,0
At Long Last Love,2,67,G4,4,0,half,0,1,2.0,earth,True,True,False,B¨6,Bb,6,2,5,9
At Long Last Love,2,67,G4,4,0,half,0,1,2.0,quake,False,False,False,G‹7,G,m7,2,2,0
At Long Last Love,3,67,G4,4,0,quarter,0,1,1.0,,,,True,C‹7,C,m7,2,7,7
At Long Last Love,3,65,F4,3,0,quarter,0,1,1.0,or,True,False,False,C‹7,C,m7,0,7,5
At Long Last Love,3,67,G4,4,0,quarter,0,3,0.66667,simp,True,True,False,F9,F,9,2,0,2
At Long Last Love,3,65,F4,3,0,quarter,0,3,0.66667,ly,False,False,False,F9,F,9,0,0,0
At Long Last Love,3,63,Eb4,2,-1,quarter,0,3,0.66667,a,True,False,False,F9,F,9,10,0,10
At Long Last Love,4,62,D4,1,0,whole,0,1,4.0,shock,True,False,False,B¨6G‹7 C‹7,Bb,6Gm7 Cm7,9,5,4
At Long Last Love,5,62,D4,1,0,quarter,0,1,1.0,,,,True,B¨6G‹7 C‹7,Bb,6Gm7 Cm7,9,5,4
At Long Last Love,5,62,D4,1,0,quarter,0,3,0.66667,Is,True,False,False,F9,F,9,9,0,9
At Long Last Love,5,63,Eb4,2,-1,quarter,0,3,0.66667,it,True,False,False,F9,F,9,10,0,10
At Long Last Love,5,65,F4,3,0,quarter,0,3,0.66667,the,True,False,False,F9,F,9,0,0,0
At Long Last Love,6,67,G4,4,0,quarter,0,1,1.0,good,True,False,False,B¨6,Bb,6,2,5,9
At Long Last Love,6,67,G4,4,0,eighth,0,1,0.5,tur,True,True,False,B¨6,Bb,6,2,5,9
At Long Last Love,6,67,G4,4,0,eighth,0,1,0.5,tle,False,False,False,B¨6,Bb,6,2,5,9
At Long Last Love,6,67,G4,4,0,half,0,1,2.0,"soup,",True,False,False,C‹7,C,m7,2,7,7
At Long Last Love,7,65,F4,3,0,quarter,0,1,1.0,or,True,False,False,D‹7,D,m7,0,9,3
At Long Last Love,7,67,G4,4,0,quarter,0,3,0.66667,mere,True,True,False,G7(b9),G,7(b9),2,2,0
At Long Last Love,7,65,F4,3,0,quarter,0,3,0.66667,ly,False,False,False,G7(b9),G,7(b9),0,2,10
At Long Last Love,7,62,D4,1,0,quarter,0,3,0.66667,the,True,False,False,G7(b9),G,7(b9),9,2,7
At Long Last Love,8,60,C4,0,0,whole,0,1,4.0,mock?,True,False,False,C‹7,C,m7,7,7,0
At Long Last Love,9,60,C4,0,0,quarter,0,1,1.0,,,,True,D‹7,D,m7,7,9,10
At Long Last Love,9,63,Eb4,2,-1,quarter,0,3,0.66667,Is,True,False,False,G7(b9),G,7(b9),10,2,8
At Long Last Love,9,65,F4,3,0,quarter,0,3,0.66667,it,True,False,False,G7(b9),G,7(b9),0,2,10
At Long Last Love,9,67,G4,4,0,quarter,0,3,0.66667,a,True,False,False,G7(b9),G,7(b9),2,2,0
At Long Last Love,10,69,A4,5,0,half,0,1,2.0,cock,True,True,False,C‹7,C,m7,4,7,9
At Long Last Love,10,69,A4,5,0,half,0,1,2.0,"tail,",False,False,False,C‹7,C,m7,4,7,9
At Long Last Love,11,69,A4,5,0,quarter,0,1,1.0,,,,True,D‹7,D,m7,4,9,7
At Long Last Love,11,67,G4,4,0,quarter,0,1,1.0,this,True,False,False,D‹7,D,m7,2,9,5
At Long Last Love,11,69,A4,5,0,quarter,0,3,0.66667,feel,True,True,False,G9,G,9,4,2,2
At Long Last Love,11,67,G4,4,0,quarter,0,3,0.66667,ing,False,False,False,G9,G,9,2,2,0
At Long Last Love,11,65,F4,3,0,quarter,0,3,0.66667,of,True,False,False,G9,G,9,0,2,10
At Long Last Love,12,63,Eb4,2,-1,whole,0,1,4.0,"joy,",True,False,False,C‹7,C,m7,10,7,3
At Long Last Love,13,63,Eb4,2,-1,quarter,0,1,1.0,,,,True,F7,F,7,10,0,10
At Long Last Love,13,59,B3,-1,0,quarter,0,1,1.0,Or,True,False,False,F7,F,7,6,0,6
At Long Last Love,13,60,C4,0,0,quarter,0,3,0.66667,is,True,False,False,F7,F,7,7,0,7
At Long Last Love,13,63,Eb4,2,-1,quarter,0,3,0.66667,what,True,False,False,F7,F,7,10,0,10
At Long Last Love,13,67,G4,4,0,quarter,0,3,0.66667,I,True,False,False,F7,F,7,2,0,2
At Long Last Love,14,70,Bb4,6,-1,half,1,1,3.0,feel,True,False,False,C‹7,C,m7,5,7,10
At Long Last Love,14,67,G4,4,0,quarter,0,1,1.0,the,True,False,False,C‹7,C,m7,2,7,7
At Long Last Love,15,70,Bb4,6,-1,half,1,1,3.0,real,True,False,False,C‹7,C,m7,5,7,10
At Long Last Love,15,67,G4,4,0,quarter,0,1,1.0,Mc,True,False,False,F9,F,9,2,0,2
At Long Last Love,16,70,Bb4,6,-1,whole,0,1,4.0,coy,True,False,False,B¨6,Bb,6,5,5,0
At Long Last Love,17,70,Bb4,6,-1,quarter,0,1,1.0,,,,True,C‹7,C,m7,5,7,10
At Long Last Love,17,62,D4,1,0,quarter,0,3,0.66667,Is,True,False,False,F13,F,13,9,0,9
At Long Last Love,17,63,Eb4,2,-1,quarter,0,3,0.66667,it,True,False,False,F13,F,13,10,0,10
At Long Last Love,17,65,F4,3,0,quarter,0,3,0.66667,for,True,False,False,F13,F,13,0,0,0
At Long Last Love,18,67,G4,4,0,half,0,1,2.0,all,True,False,False,B¨6,Bb,6,2,5,9
At Long Last Love,18,67,G4,4,0,half,0,1,2.0,"time,",True,False,False,G‹7,G,m7,2,2,0
At Long Last Love,19,67,G4,4,0,quarter,0,1,1.0,,,,True,C‹7,C,m7,2,7,7
At Long Last Love,19,65,F4,3,0,quarter,0,1,1.0,or,True,False,False,C‹7,C,m7,0,7,5
At Long Last Love,19,67,G4,4,0,quarter,0,3,0.66667,simp,True,True,False,F9,F,9,2,0,2
At Long Last Love,19,65,F4,3,0,quarter,0,3,0.66667,ly,False,False,False,F9,F,9,0,0,0
At Long Last Love,19,63,Eb4,2,-1,quarter,0,3,0.66667,a,True,False,False,F9,F,9,10,0,10
At Long Last Love,20,62,D4,1,0,whole,0,1,4.0,lark?,True,False,False,B¨6,Bb,6,9,5,4
At Long Last Love,21,62,D4,1,0,quarter,0,1,1.0,,,,True,C‹7,C,m7,9,7,2
At Long Last Love,21,62,D4,1,0,quarter,0,3,0.66667,Is,True,False,False,F13,F,13,9,0,9
At Long Last Love,21,63,Eb4,2,-1,quarter,0,3,0.66667,it,True,False,False,F13,F,13,10,0,10
At Long Last Love,21,65,F4,3,0,quarter,0,3,0.66667,Gra,True,True,False,F13,F,13,0,0,0
At Long Last Love,22,67,G4,4,0,quarter,0,3,0.66667,na,True,True,False,B¨13,Bb,13,2,5,9
At Long Last Love,22,65,F4,3,0,quarter,0,3,0.66667,da,False,False,False,B¨13,Bb,13,0,5,7
At Long Last Love,22,67,G4,4,0,quarter,0,3,0.66667,I,True,False,False,B¨13,Bb,13,2,5,9
At Long Last Love,22,68,Ab4,5,-1,quarter,0,1,1.0,see,True,False,False,B¨13,Bb,13,3,5,10
At Long Last Love,22,70,Bb4,6,-1,quarter,0,1,1.0,or,True,False,False,B¨13,Bb,13,5,5,0
At Long Last Love,23,72,C5,7,0,quarter,1,1,1.5,on,True,True,False,F‹7,F,m7,7,0,7
At Long Last Love,23,72,C5,7,0,eighth,0,1,0.5,ly,False,False,False,F‹7,F,m7,7,0,7
At Long Last Love,23,72,C5,7,0,quarter,0,3,0.66667,As,True,True,False,B¨9,Bb,9,7,5,2
At Long Last Love,23,72,C5,7,0,quarter,0,3,0.66667,bur,False,True,False,B¨9,Bb,9,7,5,2
At Long Last Love,23,72,C5,7,0,quarter,0,3,0.66667,y,False,False,False,B¨9,Bb,9,7,5,2
At Long Last Love,24,72,C5,7,0,whole,0,1,4.0,Park?,True,False,False,E¨6,Eb,6,7,10,9
At Long Last Love,25,72,C5,7,0,quarter,0,1,1.0,,,,True,E¨6,Eb,6,7,10,9
At Long Last Love,25,67,G4,4,0,quarter,0,3,0.66667,Is,True,False,False,E¨6,Eb,6,2,10,4
At Long Last Love,25,69,A4,5,0,quarter,0,3,0.66667,it,True,False,False,E¨6,Eb,6,4,10,6
At Long Last Love,25,70,Bb4,6,-1,quarter,0,3,0.66667,a,True,False,False,E¨6,Eb,6,5,10,7
At Long Last Love,26,73,Db5,8,-1,half,0,1,2.0,fan,True,True,False,E¨²,Eb,²,8,10,10
At Long Last Love,26,73,Db5,8,-1,half,0,1,2.0,cy,False,False,False,E¨²,Eb,²,8,10,10
At Long Last Love,27,74,D5,8,0,quarter,0,1,1.0,,,,True,A¨9,Ab,9,9,3,6
At Long Last Love,27,72,C5,7,0,quarter,0,1,1.0,not,True,False,False,A¨9,Ab,9,7,3,4
At Long Last Love,27,69,A4,5,0,quarter,0,3,0.66667,worth,True,False,False,A¨9,Ab,9,4,3,1
At Long Last Love,27,72,C5,7,0,quarter,0,3,0.66667,think,True,True,False,A¨9,Ab,9,7,3,4
At Long Last Love,27,70,Bb4,6,-1,quarter,0,3,0.66667,ing,False,False,False,A¨9,Ab,9,5,3,2
At Long Last Love,28,65,F4,3,0,whole,0,1,4.0,of?,True,False,False,D‹7,D,m7,0,9,3
At Long Last Love,29,65,F4,3,0,quarter,0,1,1.0,,,,True,G7,G,7,0,2,10
At Long Last Love,29,62,D4,1,0,quarter,0,1,1.0,Or,True,False,False,G7,G,7,9,2,7
At Long Last Love,29,62,D4,1,0,quarter,0,3,0.66667,is,True,False,False,G7,G,7,9,2,7
At Long Last Love,29,63,Eb4,2,-1,quarter,0,3,0.66667,it,True,False,False,G7,G,7,10,2,8
At Long Last Love,29,65,F4,3,0,quarter,0,3,0.66667,at,True,False,False,G7,G,7,0,2,10
At Long Last Love,30,67,G4,4,0,whole,0,1,4.0,long,True,False,False,C‹7,C,m7,2,7,7
At Long Last Love,31,72,C5,7,0,whole,0,1,4.0,last,True,False,False,F7,F,7,7,0,7
At Long Last Love,32,70,Bb4,6,-1,whole,0,1,4.0,love?,True,False,False,B¨6,Bb,6,5,5,0
At Long Last Love,33,70,Bb4,6,-1,quarter,0,1,1.0,,,,True,C‹7,C,m7,5,7,10
At Long Last Love,33,62,D4,1,0,quarter,0,3,0.66667,Is,True,False,False,F13,F,13,9,0,9
At Long Last Love,33,63,Eb4,2,-1,quarter,0,3,0.66667,it,True,False,False,F13,F,13,10,0,10
At Long Last Love,33,65,F4,3,0,quarter,0,3,0.66667,an,True,False,False,F13,F,13,0,0,0
Dream Dancing,1,62,D4,1,0,quarter,0,1,1.0,When,True,False,False,,,,4,,
Dream Dancing,2,62,D4,1,0,half,1,1,3.0,day,True,False,False,AØ7,A,m7b57,4,11,5
Dream Dancing,2,58,Bb3,-1,-1,quarter,0,1,1.0,is,True,False,False,A¨9(b5),Ab,9(b5),0,10,2
Dream Dancing,3,58,Bb3,-1,-1,half,1,1,3.0,gone,True,False,False,G‹6,G,m6,0,9,3
Dream Dancing,3,62,D4,1,0,quarter,0,1,1.0,And,True,False,False,EØ7,E,m7b57,4,6,10
Dream Dancing,4,62,D4,1,0,half,1,1,3.0,night,True,False,False,AØ7,A,m7b57,4,11,5
Dream Dancing,4,59,B3,-1,0,quarter,0,1,1.0,comes,True,False,False,D7,D,7,1,4,9
Dream Dancing,5,59,B3,-1,0,half,1,1,3.0,"on,",True,False,False,G^ D¨9(b5),G,maj Db9(b5),1,9,4
Dream Dancing,5,67,G4,4,0,quarter,0,1,1.0,un,True,True,False,G^ D¨9(b5),G,maj Db9(b5),9,9,0
Dream Dancing,6,67,G4,4,0,half,1,1,3.0,til,True,False,False,C‹7,C,m7,9,2,7
Dream Dancing,6,63,Eb4,2,-1,quarter,0,1,1.0,the,True,False,False,C‹7,C,m7,5,2,3
Dream Dancing,7,63,Eb4,2,-1,half,0,1,2.0,dawn,True,False,False,F7,F,7,5,7,10
Dream Dancing,7,65,F4,3,0,quarter,0,3,0.66667,what,True,False,False,F7,F,7,7,7,0
Dream Dancing,7,67,G4,4,0,quarter,0,3,0.66667,do,True,False,False,F7,F,7,9,7,2
Dream Dancing,7,69,A4,5,0,quarter,0,3,0.66667,I,True,False,False,F7,F,7,11,7,4
Dream Dancing,8,74,D5,8,0,whole,0,1,4.0,do?,True,False,False,B¨^,Bb,maj,4,0,4
Dream Dancing,9,74,D5,8,0,half,1,1,3.0,,,,True,B¨7,Bb,7,4,0,4
Dream Dancing,9,74,D5,8,0,quarter,0,1,1.0,I,True,False,False,B¨7,Bb,7,4,0,4
Dream Dancing,10,73,Db5,8,-1,half,1,1,3.0,clasp,True,False,False,E¨^,Eb,maj,3,5,10
Dream Dancing,10,70,Bb4,6,-1,quarter,0,1,1.0,your,True,False,False,E¨^,Eb,maj,0,5,7
Dream Dancing,11,70,Bb4,6,-1,half,1,1,3.0,hand,True,False,False,A¨9,Ab,9,0,10,2
Dream Dancing,11,69,A4,5,0,quarter,0,1,1.0,and,True,False,False,A¨9,Ab,9,11,10,1
Dream Dancing,12,69,A4,5,0,eighth,0,1,0.5,wan,True,True,False,D‹7,D,m7,11,4,7
Dream Dancing,12,72,C5,7,0,eighth,0,1,0.5,derthrough,False,False,False,D‹7,D,m7,2,4,10
Dream Dancing,12,70,Bb4,6,-1,quarter,0,1,1.0,,,,True,D‹7,D,m7,0,4,8
Dream Dancing,12,69,A4,5,0,quarter,0,1,1.0,slumb,True,True,False,D‹7,D,m7,11,4,7
Dream Dancing,12,70,Bb4,6,-1,eighth,0,1,0.5,er,False,True,False,D‹7,D,m7,0,4,8
Dream Dancing,12,67,G4,4,0,eighth,0,1,0.5,"land,",False,False,False,D‹7,D,m7,9,4,5
Dream Dancing,13,67,G4,4,0,whole,0,1,4.0,,,,True,G7,G,7,9,9,0
Dream Dancing,14,68,Ab4,5,-1,whole,0,1,4.0,Dream,True,False,False,D¨‹7 G¨7,Db,m7 Gb7,10,3,7
Dream Dancing,15,65,F4,3,0,quarter,1,1,1.5,dan,True,True,False,C‹7,C,m7,7,2,5
Dream Dancing,15,65,F4,3,0,eighth,0,1,0.5,cing,False,False,False,C‹7,C,m7,7,2,5
Dream Dancing,15,65,F4,3,0,quarter,0,1,1.0,,,,True,C‹7,C,m7,7,2,5
Dream Dancing,15,65,F4,3,0,quarter,0,1,1.0,with,True,False,False,F7,F,7,7,7,0
Dream Dancing,16,65,F4,3,0,whole,0,1,4.0,you.,True,False,False,B¨^,Bb,maj,7,0,7
Dream Dancing,17,65,F4,3,0,half,0,1,2.0,,,,True,F‹7,F,m7,7,7,0
Dream Dancing,17,62,D4,1,0,quarter,0,1,1.0,We,True,False,False,B¨7(b9),Bb,7(b9),4,0,4
Dream Dancing,18,62,D4,1,0,half,1,1,3.0,dance,True,False,False,AØ7,A,m7b57,4,11,5
Dream Dancing,18,58,Bb3,-1,-1,quarter,0,1,1.0,be,True,True,False,A¨9(b5),Ab,9(b5),0,10,2
Dream Dancing,19,58,Bb3,-1,-1,half,1,1,3.0,tween,False,False,False,G‹6,G,m6,0,9,3
Dream Dancing,19,62,D4,1,0,quarter,0,1,1.0,a,True,False,False,EØ7,E,m7b57,4,6,10
Dream Dancing,20,62,D4,1,0,half,1,1,3.0,sky,True,False,False,AØ7,A,m7b57,4,11,5
Dream Dancing,20,59,B3,-1,0,quarter,0,1,1.0,se,True,True,False,D7,D,7,1,4,9
Dream Dancing,21,59,B3,-1,0,half,1,1,3.0,rene,False,False,False,G^,G,maj,1,9,4
Dream Dancing,21,67,G4,4,0,quarter,0,1,1.0,and,True,False,False,D¨9(b5),Db,9(b5),9,3,6
Dream Dancing,22,67,G4,4,0,half,1,1,3.0,fields,True,False,False,C‹7,C,m7,9,2,7
Dream Dancing,22,63,Eb4,2,-1,quarter,0,1,1.0,of,True,False,False,C‹7,C,m7,5,2,3
Dream Dancing,23,63,Eb4,2,-1,half,0,1,2.0,green,True,False,False,F7,F,7,5,7,10
Dream Dancing,23,65,F4,3,0,quarter,0,3,0.66667,spark,True,True,False,F7,F,7,7,7,0
Dream Dancing,23,67,G4,4,0,quarter,0,3,0.66667,ling,False,False,False,F7,F,7,9,7,2
Dream Dancing,23,69,A4,5,0,quarter,0,3,0.66667,with,True,False,False,F7,F,7,11,7,4
Dream Dancing,24,74,D5,8,0,whole,0,1,4.0,dew.,True,False,False,B¨^,Bb,maj,4,0,4
Dream Dancing,25,74,D5,8,0,half,1,1,3.0,,,,True,B¨7,Bb,7,4,0,4
Dream Dancing,25,74,D5,8,0,quarter,0,1,1.0,It's,True,False,False,B¨7,Bb,7,4,0,4
Dream Dancing,26,73,Db5,8,-1,half,1,1,3.0,joy,True,False,False,E¨^,Eb,maj,3,5,10
Dream Dancing,26,70,Bb4,6,-1,quarter,0,1,1.0,sub,True,True,False,E¨^,Eb,maj,0,5,7
Dream Dancing,27,70,Bb4,6,-1,half,1,1,3.0,"lime,",False,False,False,A¨9,Ab,9,0,10,2
Dream Dancing,27,69,A4,5,0,quarter,0,1,1.0,When,True,False,False,A¨9,Ab,9,11,10,1
Dream Dancing,28,69,A4,5,0,eighth,0,1,0.5,ev,True,True,False,D‹7,D,m7,11,4,7
Dream Dancing,28,72,C5,7,0,eighth,0,1,0.5,er,False,False,False,D‹7,D,m7,2,4,10
Dream Dancing,28,70,Bb4,6,-1,quarter,0,1,1.0,I,True,False,False,D‹7,D,m7,0,4,8
Dream Dancing,28,69,A4,5,0,quarter,0,1,1.0,spend,True,False,False,D‹7,D,m7,11,4,7
Dream Dancing,28,70,Bb4,6,-1,eighth,0,1,0.5,my,True,False,False,D‹7,D,m7,0,4,8
Dream Dancing,28,67,G4,4,0,eighth,0,1,0.5,time,True,False,False,D‹7,D,m7,9,4,5
Dream Dancing,29,67,G4,4,0,whole,0,1,4.0,,,,True,G7,G,7,9,9,0
Dream Dancing,30,68,Ab4,5,-1,whole,0,1,4.0,Dream,True,False,False,D¨‹7 G¨7,Db,m7 Gb7,10,3,7
Dream Dancing,31,65,F4,3,0,quarter,1,1,1.5,dan,True,True,False,C‹7,C,m7,7,2,5
Dream Dancing,31,65,F4,3,0,eighth,0,1,0.5,cing,False,False,False,C‹7,C,m7,7,2,5
Dream Dancing,31,65,F4,3,0,quarter,0,1,1.0,,,,True,C‹7,C,m7,7,2,5
Dream Dancing,31,65,F4,3,0,quarter,0,1,1.0,with,True,False,False,F7,F,7,7,7,0
Dream Dancing,32,65,F4,3,0,whole,0,1,4.0,"you,",True,False,False,B¨^,Bb,maj,7,0,7
Dream Dancing,33,65,F4,3,0,half,1,1,3.0,,,,True,E9(b5),E,9(b5),7,6,1
Dream Dancing,34,70,Bb4,6,-1,whole,0,1,4.0,dream,True,False,False,E¨^,Eb,maj,0,5,7
Dream Dancing,35,58,Bb3,-1,-1,quarter,1,1,1.5,dan,True,True,False,A¨9,Ab,9,0,10,2
Dream Dancing,35,58,Bb3,-1,-1,eighth,0,1,0.5,cing,False,False,False,A¨9,Ab,9,0,10,2
Dream Dancing,35,58,Bb3,-1,-1,quarter,0,1,1.0,,,,True,A¨9,Ab,9,0,10,2
Dream Dancing,36,58,Bb3,-1,-1,eighth,0,1,0.5,"Oh,",True,False,False,B¨^,Bb,maj,0,0,0
Dream Dancing,36,60,C4,0,0,eighth,0,1,0.5,what,True,False,False,B¨^,Bb,maj,2,0,2
Dream Dancing,36,62,D4,1,0,eighth,0,1,0.5,a,True,False,False,B¨^,Bb,maj,4,0,4
Dream Dancing,36,65,F4,3,0,eighth,0,1,0.5,luck,True,True,False,B¨^,Bb,maj,7,0,7
Dream Dancing,36,65,F4,3,0,eighth,0,1,0.5,,,,True,F7,F,7,7,7,0
Dream Dancing,36,67,G4,4,0,eighth,0,1,0.5,ky,False,False,False,F7,F,7,9,7,2
Dream Dancing,36,69,A4,5,0,quarter,0,1,1.0,wind,True,True,False,F7,F,7,11,7,4
Dream Dancing,37,67,G4,4,0,whole,0,1,4.0,fall,False,False,False,B¨6,Bb,6,9,0,9
Dream Dancing,38,60,C4,0,0,quarter,0,3,0.66667,Touch,True,False,False,C7,C,7,2,2,0
Dream Dancing,38,62,D4,1,0,quarter,0,3,0.66667,ing,True,False,False,C7,C,7,4,2,2
Dream Dancing,38,64,E4,2,0,quarter,0,3,0.66667,"you,",True,False,False,C7,C,7,6,2,4
Dream Dancing,38,67,G4,4,0,quarter,0,3,0.66667,clutching,True,False,False,C7,C,7,9,2,7
Dream Dancing,38,69,A4,5,0,quarter,0,3,0.66667,,,,True,C7,C,7,11,2,9
Dream Dancing,38,70,Bb4,6,-1,quarter,0,3,0.66667,you,True,False,False,C7,C,7,0,2,10
Dream Dancing,39,73,Db5,8,-1,half,0,1,2.0,all,True,False,False,G¨7,Gb,7,3,8,7
Dream Dancing,39,73,Db5,8,-1,eighth,0,1,0.5,,,,True,G¨7,Gb,7,3,8,7
Dream Dancing,39,72,C5,7,0,eighth,0,1,0.5,the,True,False,False,G¨7,Gb,7,2,8,6
Dream Dancing,39,73,Db5,8,-1,quarter,0,1,1.0,night,True,False,False,G¨7,Gb,7,3,8,7
Dream Dancing,40,72,C5,7,0,whole,0,1,4.0,through.,True,False,False,F9(“4),F,9(“4),2,7,7
Dream Dancing,41,65,F4,3,0,quarter,0,1,1.0,So,True,False,False,F9(“4),F,9(“4),7,7,0
Dream Dancing,41,70,Bb4,6,-1,quarter,0,1,1.0,say,True,False,False,F9(“4),F,9(“4),0,7,5
Dream Dancing,41,72,C5,7,0,quarter,0,1,1.0,you,True,False,False,F7,F,7,2,7,7
Dream Dancing,42,73,Db5,8,-1,half,1,1,3.0,love,True,False,False,G‹7 G¨9(#5),G,m7 Gb9(#5),3,9,6
Dream Dancing,42,70,Bb4,6,-1,quarter,0,1,1.0,me,True,False,False,G‹7 G¨9(#5),G,m7 Gb9(#5),0,9,3
Dream Dancing,43,70,Bb4,6,-1,half,1,1,3.0,"dear,",True,False,False,F‹7 E9(b5),F,m7 E9(b5),0,7,5
Dream Dancing,43,69,A4,5,0,quarter,0,1,1.0,and,True,False,False,F‹7 E9(b5),F,m7 E9(b5),11,7,4
Dream Dancing,44,69,A4,5,0,eighth,0,1,0.5,let,True,False,False,E¨^,Eb,maj,11,5,6
Dream Dancing,44,72,C5,7,0,eighth,0,1,0.5,me,True,False,False,E¨^,Eb,maj,2,5,9
Dream Dancing,44,70,Bb4,6,-1,quarter,0,1,1.0,make,True,False,False,E¨^,Eb,maj,0,5,7
Dream Dancing,44,69,A4,5,0,quarter,0,1,1.0,my,True,False,False,E¨^,Eb,maj,11,5,6
Dream Dancing,44,70,Bb4,6,-1,eighth,0,1,0.5,ca,True,True,False,E¨^,Eb,maj,0,5,7
Dream Dancing,44,67,G4,4,0,eighth,0,1,0.5,reer,False,False,False,E¨^,Eb,maj,9,5,4
Dream Dancing,45,67,G4,4,0,whole,0,1,4.0,,,,True,D‹7 G7,D,m7 G7,9,4,5
Dream Dancing,46,68,Ab4,5,-1,whole,0,1,4.0,dream,True,False,False,D¨‹7 G¨7,Db,m7 Gb7,10,3,7
Dream Dancing,47,65,F4,3,0,quarter,1,1,1.5,dan,True,True,False,C‹7,C,m7,7,2,5
Dream Dancing,47,65,F4,3,0,eighth,0,1,0.5,cing,False,False,False,C‹7,C,m7,7,2,5
Dream Dancing,47,65,F4,3,0,half,0,1,2.0,,,,True,F7,F,7,7,7,0
Dream Dancing,48,68,Ab4,5,-1,eighth,0,1,0.5,to,True,False,False,D¨‹7,Db,m7,10,3,7
Dream Dancing,48,68,Ab4,5,-1,eighth,0,1,0.5,par,True,True,False,G¨7,Gb,7,10,8,2
Dream Dancing,48,68,Ab4,5,-1,eighth,0,1,0.5,,,,True,G¨7,Gb,7,10,8,2
Dream Dancing,48,70,Bb4,6,-1,eighth,0,1,0.5,a,False,False,False,G¨7,Gb,7,0,8,4
Dream Dancing,48,68,Ab4,5,-1,quarter,0,1,1.0,dise,True,False,False,G¨7,Gb,7,10,8,2
Dream Dancing,49,65,F4,3,0,quarter,1,1,1.5,pranc,True,True,False,C‹7,C,m7,7,2,5
Dream Dancing,49,65,F4,3,0,eighth,0,1,0.5,"ing,",False,False,False,C‹7,C,m7,7,2,5
Dream Dancing,49,65,F4,3,0,half,0,1,2.0,,,,True,F7,F,7,7,7,0
Dream Dancing,50,73,Db5,8,-1,whole,0,1,4.0,Dream,True,False,False,D¨‹7 G¨7,Db,m7 Gb7,3,3,0
Dream Dancing,51,70,Bb4,6,-1,quarter,1,1,1.5,dan,True,True,False,C‹7,C,m7,0,2,10
Dream Dancing,51,70,Bb4,6,-1,eighth,0,1,0.5,cing,False,False,False,C‹7,C,m7,0,2,10
Dream Dancing,51,70,Bb4,6,-1,quarter,0,1,1.0,,,,True,F9(“4),F,9(“4),0,7,5
Dream Dancing,51,70,Bb4,6,-1,quarter,0,1,1.0,with,True,False,False,F9(“4),F,9(“4),0,7,5
Dream Dancing,52,70,Bb4,6,-1,whole,0,1,4.0,you.,True,False,False,B¨6,Bb,6,0,0,0
What Is This Thing Called Love,1,64,E4,2,0,quarter,0,1,1.0,I,True,False,False,A,A,,7,0,7
What Is This Thing Called Love,1,64,E4,2,0,eighth,0,1,0.5,was,True,False,False,A,A,,7,0,7
What Is This Thing Called Love,1,64,E4,2,0,eighth,0,1,0.5,a,True,False,False,A©º7/A,A#,dim7/A,7,1,6
What Is This Thing Called Love,1,67,G4,4,0,quarter,0,1,1.0,hum,True,True,False,A©º7/A,A#,dim7/A,10,1,9
What Is This Thing Called Love,1,67,G4,4,0,quarter,0,1,1.0,drum,False,False,False,A©º7/A,A#,dim7/A,10,1,9
What Is This Thing Called Love,2,66,F#4,3,1,quarter,0,1,1.0,per,True,True,False,Aº7,A,dim7,9,0,9
What Is This Thing Called Love,2,66,F#4,3,1,half,1,1,3.0,"son,",False,False,False,Aº7,A,dim7,9,0,9
What Is This Thing Called Love,3,62,D4,1,0,quarter,0,1,1.0,Lead,True,True,False,D‹6/A,D,m6/A,5,5,0
What Is This Thing Called Love,3,62,D4,1,0,eighth,0,1,0.5,ing,False,False,False,D‹6/A,D,m6/A,5,5,0
What Is This Thing Called Love,3,62,D4,1,0,eighth,0,1,0.5,a,True,False,False,G©º7/A,G#,dim7/A,5,11,6
What Is This Thing Called Love,3,65,F4,3,0,quarter,0,1,1.0,life,True,False,False,G©º7/A,G#,dim7/A,8,11,9
What Is This Thing Called Love,3,65,F4,3,0,quarter,0,1,1.0,a,True,True,False,G©º7/A,G#,dim7/A,8,11,9
What Is This Thing Called Love,4,64,E4,2,0,half,1,1,3.0,"part,",False,False,False,A²,A,²,7,0,7
What Is This Thing Called Love,4,64,E4,2,0,quarter,0,1,1.0,When,True,False,False,A²,A,²,7,0,7
What Is This Thing Called Love,5,69,A4,5,0,quarter,0,1,1.0,love,True,False,False,D7,D,7,0,5,7
What Is This Thing Called Love,5,69,A4,5,0,quarter,0,1,1.0,flew,True,False,False,D7,D,7,0,5,7
What Is This Thing Called Love,5,62,D4,1,0,quarter,0,1,1.0,in,True,False,False,G7,G,7,5,10,7
What Is This Thing Called Love,5,64,E4,2,0,eighth,0,1,0.5,throughmy,True,False,False,G7,G,7,7,10,9
What Is This Thing Called Love,5,65,F4,3,0,eighth,0,1,0.5,,,,True,G7,G,7,8,10,10
What Is This Thing Called Love,6,67,G4,4,0,eighth,0,1,0.5,win,True,False,False,C²,C,²,10,3,7
What Is This Thing Called Love,6,69,A4,5,0,eighth,0,1,0.5,dow,True,False,False,C²,C,²,0,3,9
What Is This Thing Called Love,6,67,G4,4,0,quarter,0,1,1.0,wide,True,False,False,C²,C,²,10,3,7
What Is This Thing Called Love,6,67,G4,4,0,quarter,0,1,1.0,,,,True,C7,C,7,10,3,7
What Is This Thing Called Love,6,64,E4,2,0,quarter,0,1,1.0,And,True,False,False,C7,C,7,7,3,4
What Is This Thing Called Love,7,62,D4,1,0,eighth,0,1,0.5,quickened,True,False,False,D‹6,D,m6,5,5,0
What Is This Thing Called Love,7,65,F4,3,0,quarter,0,1,1.0,,,,True,D‹6,D,m6,8,5,3
What Is This Thing Called Love,7,64,E4,2,0,eighth,0,1,0.5,my,True,False,False,D‹6,D,m6,7,5,2
What Is This Thing Called Love,7,62,D4,1,0,quarter,0,1,1.0,hum,True,True,False,D‹6,D,m6,5,5,0
What Is This Thing Called Love,7,60,C4,0,0,quarter,0,1,1.0,drum,False,False,False,D©º7,D#,dim7,3,6,9
What Is This Thing Called Love,8,59,B3,-1,0,whole,0,1,4.0,heart.,True,False,False,E,E,,2,7,7
What Is This Thing Called Love,9,68,G#4,4,1,quarter,0,1,1.0,Love,True,False,False,E,E,,11,7,4
What Is This Thing Called Love,9,68,G#4,4,1,eighth,0,1,0.5,flew,True,False,False,E,E,,11,7,4
What Is This Thing Called Love,9,68,G#4,4,1,eighth,0,1,0.5,inthrough,True,False,False,E,E,,11,7,4
What Is This Thing Called Love,9,71,B4,6,0,quarter,0,1,1.0,,,,True,E,E,,2,7,7
What Is This Thing Called Love,9,71,B4,6,0,quarter,0,1,1.0,my,True,False,False,E,E,,2,7,7
What Is This Thing Called Love,10,70,A#4,5,1,quarter,0,1,1.0,win,True,True,False,F©7/E,F#,7/E,1,9,4
What Is This Thing Called Love,10,70,A#4,5,1,half,1,1,3.0,"dow,",False,False,False,F©7/E,F#,7/E,1,9,4
What Is This Thing Called Love,11,66,F#4,3,1,quarter,0,1,1.0,I,True,False,False,A‹6/E,A,m6/E,9,0,9
What Is This Thing Called Love,11,66,F#4,3,1,eighth,0,1,0.5,was,True,False,False,A‹6/E,A,m6/E,9,0,9
What Is This Thing Called Love,11,66,F#4,3,1,eighth,0,1,0.5,so,True,False,False,A‹6/E,A,m6/E,9,0,9
What Is This Thing Called Love,11,69,A4,5,0,quarter,0,1,1.0,hap,True,True,False,Cº7/E,C,dim7/E,0,3,9
What Is This Thing Called Love,11,69,A4,5,0,quarter,0,1,1.0,py,False,False,False,Cº7/E,C,dim7/E,0,3,9
What Is This Thing Called Love,12,68,G#4,4,1,half,1,1,3.0,then.,True,False,False,E²,E,²,11,7,4
What Is This Thing Called Love,12,68,G#4,4,1,quarter,0,1,1.0,But,True,False,False,E²,E,²,11,7,4
What Is This Thing Called Love,13,64,E4,2,0,quarter,0,1,1.0,af,True,True,False,A7,A,7,7,0,7
What Is This Thing Called Love,13,64,E4,2,0,quarter,0,1,1.0,ter,False,False,False,A7,A,7,7,0,7
What Is This Thing Called Love,13,67,G4,4,0,quarter,1,1,1.5,love,True,False,False,A7,A,7,10,0,10
What Is This Thing Called Love,13,64,E4,2,0,eighth,0,1,0.5,had,True,False,False,A7,A,7,7,0,7
What Is This Thing Called Love,14,66,F#4,3,1,eighth,0,1,0.5,stayed,True,False,False,D7,D,7,9,5,4
What Is This Thing Called Love,14,69,A4,5,0,eighth,0,1,0.5,a,True,False,False,D7,D,7,0,5,7
What Is This Thing Called Love,14,66,F#4,3,1,eighth,0,1,0.5,lit,True,True,False,D7,D,7,9,5,4
What Is This Thing Called Love,14,62,D4,1,0,eighth,0,1,0.5,tle,False,False,False,D7,D,7,5,5,0
What Is This Thing Called Love,14,65,F4,3,0,half,0,1,2.0,"while,",True,False,False,BØ7,B,m7b57,8,2,6
What Is This Thing Called Love,15,59,B3,-1,0,quarter,0,1,1.0,Love,True,False,False,D‹6/F,D,m6/F,2,5,9
What Is This Thing Called Love,15,59,B3,-1,0,quarter,0,1,1.0,flew,True,False,False,D‹6/F,D,m6/F,2,5,9
What Is This Thing Called Love,15,60,C4,0,0,quarter,0,1,1.0,out,True,False,False,E7&(b9),E,7&(b9),3,7,8
What Is This Thing Called Love,15,60,C4,0,0,quarter,0,1,1.0,a,True,True,False,E7&(b9),E,7&(b9),3,7,8
What Is This Thing Called Love,16,57,A3,-2,0,half,1,1,3.0,gain.,False,True,False,A6,A,6,0,0,0
What Is This Thing Called Love,17,67,G4,4,0,quarter,0,1,1.0,What,True,False,False,A7,A,7,10,0,10
What Is This Thing Called Love,18,67,G4,4,0,quarter,0,1,1.0,is,True,False,False,EØ7,E,m7b57,10,7,3
What Is This Thing Called Love,18,64,E4,2,0,quarter,0,1,1.0,this,True,False,False,EØ7,E,m7b57,7,7,0
What Is This Thing Called Love,18,64,E4,2,0,half,0,1,2.0,thing,True,False,False,EØ7,E,m7b57,7,7,0
What Is This Thing Called Love,19,64,E4,2,0,half,0,1,2.0,,,,True,A7(b9),A,7(b9),7,0,7
What Is This Thing Called Love,19,67,G4,4,0,half,0,1,2.0,called,True,False,False,A7(b9),A,7(b9),10,0,10
What Is This Thing Called Love,20,65,F4,3,0,whole,0,1,4.0,"love,",True,False,False,D‹6,D,m6,8,5,3
What Is This Thing Called Love,21,65,F4,3,0,quarter,0,1,1.0,This,True,False,False,D‹6,D,m6,8,5,3
What Is This Thing Called Love,22,65,F4,3,0,eighth,0,1,0.5,fun,True,True,False,BØ7,B,m7b57,8,2,6
What Is This Thing Called Love,22,64,E4,2,0,quarter,0,1,1.0,ny,False,False,False,BØ7,B,m7b57,7,2,5
What Is This Thing Called Love,22,64,E4,2,0,eighth,0,1,0.5,thing,True,False,False,BØ7,B,m7b57,7,2,5
What Is This Thing Called Love,22,64,E4,2,0,half,0,1,2.0,,,,True,BØ7,B,m7b57,7,2,5
What Is This Thing Called Love,23,64,E4,2,0,half,0,1,2.0,,,,True,E7(#5),E,7(#5),7,7,0
What Is This Thing Called Love,23,60,B#3,-1,1,half,0,1,2.0,called,True,False,False,E7(#5),E,7(#5),3,7,8
What Is This Thing Called Love,24,61,C#4,0,1,whole,0,1,4.0,love?,True,False,False,A²,A,²,4,0,4
What Is This Thing Called Love,25,67,G4,4,0,quarter,0,1,1.0,Just,True,False,False,A²,A,²,10,0,10
What Is This Thing Called Love,26,67,G4,4,0,quarter,0,1,1.0,who,True,False,False,EØ7,E,m7b57,10,7,3
What Is This Thing Called Love,26,64,E4,2,0,quarter,0,1,1.0,can,True,False,False,EØ7,E,m7b57,7,7,0
What Is This Thing Called Love,26,64,E4,2,0,half,0,1,2.0,solve,True,False,False,EØ7,E,m7b57,7,7,0
What Is This Thing Called Love,27,64,E4,2,0,quarter,0,1,1.0,,,,True,A7(b9),A,7(b9),7,0,7
What Is This Thing Called Love,27,67,G4,4,0,quarter,0,1,1.0,its,True,False,False,A7(b9),A,7(b9),10,0,10
What Is This Thing Called Love,27,67,G4,4,0,quarter,1,1,1.5,mys,True,True,False,A7(b9),A,7(b9),10,0,10
What Is This Thing Called Love,27,66,F#4,3,1,eighth,0,1,0.5,ter,False,True,False,A7(b9),A,7(b9),9,0,9
What Is This Thing Called Love,28,65,F4,3,0,whole,0,1,4.0,y?,False,False,False,D‹6,D,m6,8,5,3
What Is This Thing Called Love,29,65,F4,3,0,quarter,0,1,1.0,Why,True,False,False,D‹6,D,m6,8,5,3
What Is This Thing Called Love,30,65,F4,3,0,eighth,0,1,0.5,should,True,False,False,BØ7,B,m7b57,8,2,6
What Is This Thing Called Love,30,64,E4,2,0,quarter,0,1,1.0,it,True,False,False,BØ7,B,m7b57,7,2,5
What Is This Thing Called Love,30,64,E4,2,0,eighth,0,1,0.5,make,True,False,False,BØ7,B,m7b57,7,2,5
What Is This Thing Called Love,30,64,E4,2,0,half,0,1,2.0,,,,True,BØ7,B,m7b57,7,2,5
What Is This Thing Called Love,31,64,E4,2,0,quarter,0,1,1.0,,,,True,E7(#5),E,7(#5),7,7,0
What Is This Thing Called Love,31,60,C4,0,0,quarter,0,1,1.0,a,True,False,False,E7(#5),E,7(#5),3,7,8
What Is This Thing Called Love,31,60,C4,0,0,eighth,0,1,0.5,fool,True,False,False,E7(#5),E,7(#5),3,7,8
What Is This Thing Called Love,31,60,C4,0,0,quarter,1,1,1.5,of,True,False,False,E7(#5),E,7(#5),3,7,8
What Is This Thing Called Love,32,57,A3,-2,0,whole,0,1,4.0,me?,True,False,False,A6,A,6,0,0,0
What Is This Thing Called Love,33,72,C5,7,0,quarter,0,1,1.0,I,True,False,False,A6,A,6,3,0,3
What Is This Thing Called Love,34,72,C5,7,0,quarter,0,1,1.0,saw,True,False,False,A‹7,A,m7,3,0,3
What Is This Thing Called Love,34,69,A4,5,0,quarter,0,1,1.0,you,True,False,False,A‹7,A,m7,0,0,0
What Is This Thing Called Love,34,69,A4,5,0,half,0,1,2.0,there,True,False,False,A‹7,A,m7,0,0,0
What Is This Thing Called Love,35,69,A4,5,0,quarter,0,1,1.0,,,,True,D7,D,7,0,5,7
What Is This Thing Called Love,35,72,C5,7,0,quarter,0,1,1.0,one,True,False,False,D7,D,7,3,5,10
What Is This Thing Called Love,35,72,C5,7,0,quarter,0,3,0.66667,won,True,True,False,D7,D,7,3,5,10
What Is This Thing Called Love,35,74,D5,8,0,quarter,0,3,0.66667,der,False,True,False,D7,D,7,5,5,0
What Is This Thing Called Love,35,72,C5,7,0,quarter,0,3,0.66667,ful,False,False,False,D7,D,7,3,5,10
What Is This Thing Called Love,36,71,B4,6,0,whole,0,1,4.0,day.,True,False,False,G²,G,²,2,10,4
What Is This Thing Called Love,37,71,B4,6,0,quarter,0,1,1.0,You,True,False,False,G²,G,²,2,10,4
What Is This Thing Called Love,38,69,A4,5,0,quarter,0,1,1.0,took,True,False,False,F9,F,9,0,8,4
What Is This Thing Called Love,38,65,F4,3,0,quarter,0,1,1.0,my,True,False,False,F9,F,9,8,8,0
What Is This Thing Called Love,38,65,F4,3,0,half,0,1,2.0,heart,True,False,False,F9,F,9,8,8,0
What Is This Thing Called Love,39,66,F#4,3,1,quarter,0,1,1.0,,,,True,F9,F,9,9,8,1
What Is This Thing Called Love,39,69,A4,5,0,quarter,0,1,1.0,and,True,False,False,F9,F,9,0,8,4
What Is This Thing Called Love,39,69,A4,5,0,quarter,0,3,0.66667,threw,True,False,False,F9,F,9,0,8,4
What Is This Thing Called Love,39,67,G4,4,0,quarter,0,3,0.66667,it,True,False,False,F9,F,9,10,8,2
What Is This Thing Called Love,39,65,F4,3,0,quarter,0,3,0.66667,a,True,True,False,F9,F,9,8,8,0
What Is This Thing Called Love,40,64,E4,2,0,whole,0,1,4.0,way.,False,False,False,BØ7,B,m7b57,7,2,5
What Is This Thing Called Love,41,67,G4,4,0,quarter,0,1,1.0,That's,True,False,False,E7,E,7,10,7,3
What Is This Thing Called Love,41,67,G4,4,0,quarter,0,1,1.0,why,True,False,False,E7,E,7,10,7,3
What Is This Thing Called Love,41,67,G4,4,0,quarter,0,1,1.0,I,True,False,False,E7,E,7,10,7,3
What Is This Thing Called Love,42,67,G4,4,0,quarter,0,1,1.0,ask,True,False,False,EØ7,E,m7b57,10,7,3
What Is This Thing Called Love,42,64,E4,2,0,quarter,0,1,1.0,the,True,False,False,EØ7,E,m7b57,7,7,0
What Is This Thing Called Love,42,64,E4,2,0,half,0,1,2.0,Lord,True,False,False,EØ7,E,m7b57,7,7,0
What Is This Thing Called Love,43,64,E4,2,0,quarter,0,1,1.0,,,,True,A7(b9),A,7(b9),7,0,7
What Is This Thing Called Love,43,67,G4,4,0,quarter,0,1,1.0,in,True,False,False,A7(b9),A,7(b9),10,0,10
What Is This Thing Called Love,43,67,G4,4,0,eighth,0,1,0.5,Heav,True,True,False,A7(b9),A,7(b9),10,0,10
What Is This Thing Called Love,43,69,A4,5,0,quarter,0,1,1.0,en,False,False,False,A7(b9),A,7(b9),0,0,0
What Is This Thing Called Love,43,67,G4,4,0,eighth,0,1,0.5,a,True,True,False,A7(b9),A,7(b9),10,0,10
What Is This Thing Called Love,44,65,F4,3,0,whole,0,1,4.0,"bove,",False,False,False,D‹6,D,m6,8,5,3
What Is This Thing Called Love,45,65,F4,3,0,quarter,0,1,1.0,What,True,False,False,D‹6,D,m6,8,5,3
What Is This Thing Called Love,46,65,F4,3,0,quarter,0,1,1.0,is,True,False,False,BØ7,B,m7b57,8,2,6
What Is This Thing Called Love,46,64,E4,2,0,quarter,0,1,1.0,this,True,False,False,BØ7,B,m7b57,7,2,5
What Is This Thing Called Love,46,64,E4,2,0,half,0,1,2.0,thing,True,False,False,BØ7,B,m7b57,7,2,5
What Is This Thing Called Love,47,64,E4,2,0,half,0,1,2.0,,,,True,E7(#5),E,7(#5),7,7,0
What Is This Thing Called Love,47,72,C5,7,0,half,0,1,2.0,called,True,False,False,E7(#5),E,7(#5),3,7,8
What Is This Thing Called Love,48,69,A4,5,0,whole,0,1,4.0,love?,True,False,False,A6,A,6,0,0,0
You're The Top,1,60,C4,0,0,quarter,0,1,1.0,At,True,False,False,,,,7,,
You're The Top,2,69,A4,5,0,quarter,0,1,1.0,wordspo,True,False,False,F²7,F,²7,4,0,4
You're The Top,2,68,Ab4,5,-1,eighth,0,1,0.5,,,,True,F²7,F,²7,3,0,3
You're The Top,2,69,A4,5,0,eighth,0,1,0.5,et,True,True,False,F²7,F,²7,4,0,4
You're The Top,2,69,A4,5,0,eighth,0,1,0.5,,,,True,F©º,F#,dim,4,1,3
You're The Top,2,68,Ab4,5,-1,eighth,0,1,0.5,ic,False,False,False,F©º,F#,dim,3,1,2
You're The Top,2,69,A4,5,0,quarter,0,1,1.0,I'm,True,False,False,F©º,F#,dim,4,1,3
You're The Top,3,70,Bb4,6,-1,quarter,0,1,1.0,so,True,False,False,G‹7,G,m7,5,2,3
You're The Top,3,69,A4,5,0,eighth,0,1,0.5,Pa,True,False,False,G‹7,G,m7,4,2,2
You're The Top,3,70,Bb4,6,-1,eighth,0,1,0.5,the,True,True,False,G‹7,G,m7,5,2,3
You're The Top,3,70,Bb4,6,-1,eighth,0,1,0.5,,,,True,G‹7,G,m7,5,2,3
You're The Top,3,69,A4,5,0,eighth,0,1,0.5,ticthat,False,False,False,C7,C,7,4,7,9
You're The Top,3,70,Bb4,6,-1,eighth,0,1,0.5,,,,True,C7,C,7,5,7,10
You're The Top,3,71,B4,6,0,eighth,0,1,0.5,I,True,False,False,C7,C,7,6,7,11
You're The Top,4,72,C5,7,0,eighth,0,1,0.5,alwayshavefound,True,False,False,F/A,F,/A,7,0,7
You're The Top,4,71,B4,6,0,eighth,0,1,0.5,,,,True,F/A,F,/A,6,0,6
You're The Top,4,72,C5,7,0,eighth,0,1,0.5,,,,True,F/A,F,/A,7,0,7
You're The Top,4,76,E5,9,0,eighth,0,1,0.5,,,,True,F/A,F,/A,11,0,11
You're The Top,4,76,E5,9,0,quarter,0,1,1.0,,,,True,G©º7,G#,dim7,11,3,8
You're The Top,4,70,Bb4,6,-1,quarter,0,1,1.0,it,True,False,False,G©º7,G#,dim7,5,3,2
You're The Top,5,74,D5,8,0,half,0,1,2.0,best,True,False,False,A‹7,A,m7,9,4,5
You're The Top,5,74,D5,8,0,eighth,0,1,0.5,,,,True,A‹7,A,m7,9,4,5
You're The Top,5,72,C5,7,0,eighth,0,1,0.5,instead,True,False,False,D7,D,7,7,9,10
You're The Top,5,70,Bb4,6,-1,eighth,0,1,0.5,,,,True,D7,D,7,5,9,8
You're The Top,5,69,A4,5,0,eighth,0,1,0.5,of,True,False,False,D7,D,7,4,9,7
You're The Top,6,62,D4,1,0,eighth,0,1,0.5,getting,True,False,False,G‹7,G,m7,9,2,7
You're The Top,6,61,C#4,0,1,eighth,0,1,0.5,,,,True,G‹7,G,m7,8,2,6
You're The Top,6,62,D4,1,0,eighth,0,1,0.5,'em,True,False,False,G‹7,G,m7,9,2,7
You're The Top,6,72,C5,7,0,eighth,0,1,0.5,off,True,False,False,G‹7,G,m7,7,2,5
You're The Top,6,72,C5,7,0,quarter,0,1,1.0,,,,True,G‹7,G,m7,7,2,5
You're The Top,6,62,D4,1,0,quarter,0,1,1.0,my,True,False,False,G‹7,G,m7,9,2,7
You're The Top,7,70,Bb4,6,-1,half,0,1,2.0,chest,True,False,False,B¨/C,Bb,/C,5,5,0
You're The Top,7,70,Bb4,6,-1,eighth,0,1,0.5,,,,True,B¨/C,Bb,/C,5,5,0
You're The Top,7,67,G4,4,0,eighth,0,1,0.5,to,True,False,False,C7,C,7,2,7,7
You're The Top,7,69,A4,5,0,eighth,0,1,0.5,let,True,False,False,C7,C,7,4,7,9
You're The Top,7,70,Bb4,6,-1,eighth,0,1,0.5,'em,True,False,False,C7,C,7,5,7,10
You're The Top,8,72,C5,7,0,whole,0,1,4.0,rest,True,False,False,F²9 F6,F,²9 F6,7,0,7
You're The Top,9,73,C#5,7,1,eighth,0,1,0.5,un,True,True,False,G‹7,G,m7,8,2,6
You're The Top,9,74,D5,8,0,quarter,0,1,1.0,ex,False,False,False,G‹7,G,m7,9,2,7
You're The Top,9,64,E4,2,0,eighth,0,1,0.5,pressed.,True,False,False,C9,C,9,11,7,4
You're The Top,9,64,E4,2,0,quarter,0,1,1.0,,,,True,C9,C,9,11,7,4
You're The Top,9,60,C4,0,0,eighth,0,1,0.5,I,True,False,False,C9,C,9,7,7,0
You're The Top,10,68,Ab4,5,-1,quarter,0,1,1.0,hate,True,False,False,F²7,F,²7,3,0,3
You're The Top,10,68,Ab4,5,-1,eighth,0,1,0.5,par,True,True,False,F²7,F,²7,3,0,3
You're The Top,10,69,A4,5,0,eighth,0,1,0.5,ad,False,True,False,F²7,F,²7,4,0,4
You're The Top,10,69,A4,5,0,eighth,0,1,0.5,,,,True,F©º7,F#,dim7,4,1,3
You're The Top,10,68,Ab4,5,-1,eighth,0,1,0.5,ing,False,False,False,F©º7,F#,dim7,3,1,2
You're The Top,10,69,A4,5,0,quarter,0,1,1.0,my,True,False,False,F©º7,F#,dim7,4,1,3
You're The Top,11,71,B4,6,0,quarter,0,1,1.0,ser,True,True,False,F©º7,F#,dim7,6,1,5
You're The Top,11,69,A4,5,0,eighth,0,1,0.5,an,False,True,False,G‹7,G,m7,4,2,2
You're The Top,11,70,Bb4,6,-1,eighth,0,1,0.5,a,False,False,False,G‹7,G,m7,5,2,3
You're The Top,11,70,Bb4,6,-1,eighth,0,1,0.5,,,,True,C7,C,7,5,7,10
You're The Top,11,69,A4,5,0,eighth,0,1,0.5,ding,True,False,False,C7,C,7,4,7,9
You're The Top,11,70,Bb4,6,-1,eighth,0,1,0.5,as,True,False,False,C7,C,7,5,7,10
You're The Top,11,71,B4,6,0,eighth,0,1,0.5,i'll,True,False,False,C7,C,7,6,7,11
You're The Top,12,72,C5,7,0,eighth,0,1,0.5,prob,True,True,False,F²7,F,²7,7,0,7
You're The Top,12,71,B4,6,0,eighth,0,1,0.5,a,False,True,False,F²7,F,²7,6,0,6
You're The Top,12,72,C5,7,0,eighth,0,1,0.5,bly,False,False,False,F²7,F,²7,7,0,7
You're The Top,12,77,F5,10,0,eighth,0,1,0.5,miss,True,False,False,F²7,F,²7,0,0,0
You're The Top,12,77,F5,10,0,quarter,0,1,1.0,,,,True,D‹7,D,m7,0,9,3
You're The Top,12,74,D5,8,0,quarter,0,1,1.0,a,True,False,False,D‹7,D,m7,9,9,0
You're The Top,13,76,E5,9,0,half,1,1,3.0,bar.,True,False,False,B‹7 E7,B,m7 E7,11,6,5
You're The Top,13,74,D5,8,0,quarter,0,1,1.0,But,True,False,False,B‹7 E7,B,m7 E7,9,6,3
You're The Top,14,71,Cb5,7,-1,quarter,0,1,1.0,if,True,False,False,A‹,A,m,6,4,2
You're The Top,14,69,A4,5,0,quarter,0,1,1.0,this,True,False,False,A‹,A,m,4,4,0
You're The Top,14,71,B4,6,0,eighth,0,1,0.5,dit,True,True,False,A‹&,A,m&,6,4,2
You're The Top,14,74,D5,8,0,quarter,0,1,1.0,ty,False,False,False,A‹&,A,m&,9,4,5
You're The Top,14,71,B4,6,0,eighth,0,1,0.5,is,True,False,False,A‹&,A,m&,6,4,2
You're The Top,15,72,C5,7,0,quarter,0,1,1.0,not,True,False,False,A‹6,A,m6,7,4,3
You're The Top,15,69,A4,5,0,quarter,0,1,1.0,so,True,False,False,A‹6,A,m6,4,4,0
You're The Top,15,71,B4,6,0,eighth,0,1,0.5,pret,True,False,False,A‹6,A,m6,6,4,2
You're The Top,15,74,D5,8,0,quarter,0,1,1.0,ty,True,False,False,G9,G,9,9,2,7
You're The Top,15,67,G4,4,0,eighth,0,1,0.5,at,True,False,False,G9,G,9,2,2,0
You're The Top,16,72,C5,7,0,quarter,0,1,1.0,least,True,False,False,C7,C,7,7,7,0
You're The Top,16,72,C5,7,0,eighth,0,1,0.5,it',True,True,False,C7,C,7,7,7,0
You're The Top,16,72,C5,7,0,eighth,0,1,0.5,ll,False,False,False,C7,C,7,7,7,0
You're The Top,16,72,C5,7,0,eighth,0,1,0.5,tell,True,False,False,C7,C,7,7,7,0
You're The Top,16,72,C5,7,0,eighth,0,1,0.5,youhow,True,False,False,C7,C,7,7,7,0
You're The Top,16,72,C5,7,0,quarter,0,1,1.0,,,,True,F,F,,7,0,7
You're The Top,17,72,C5,7,0,quarter,0,1,1.0,great,True,False,False,F,F,,7,0,7
You're The Top,17,62,D4,1,0,eighth,0,1,0.5,you,True,False,False,F,F,,9,0,9
You're The Top,17,62,D4,1,0,eighth,0,1,0.5,are.,True,False,False,F,F,,9,0,9
You're The Top,17,62,D4,1,0,half,0,1,2.0,,,,True,C&,C,&,9,7,2
You're The Top,18,70,Bb4,6,-1,quarter,0,1,1.0,You're,True,False,False,C©º7,C#,dim7,5,8,9
You're The Top,18,69,A4,5,0,eighth,0,1,0.5,the,True,False,False,C©º7,C#,dim7,4,8,8
You're The Top,19,72,C5,7,0,quarter,0,1,1.0,top!,True,False,False,F,F,,7,0,7
You're The Top,20,70,Bb4,6,-1,quarter,0,1,1.0,You're,True,False,False,C9,C,9,5,7,10
You're The Top,20,69,A4,5,0,eighth,0,1,0.5,the,True,False,False,C9,C,9,4,7,9
You're The Top,21,72,C5,7,0,quarter,0,1,1.0,Col,True,True,False,G‹7,G,m7,7,2,5
You're The Top,21,74,D5,8,0,quarter,0,1,1.0,os,False,False,False,G‹7,G,m7,9,2,7
You're The Top,21,69,A4,5,0,eighth,0,1,0.5,se,True,True,False,C13(b9),C,13(b9),4,7,9
You're The Top,21,72,C5,7,0,quarter,0,1,1.0,um!,False,False,False,C13(b9),C,13(b9),7,7,0
You're The Top,22,67,G4,4,0,quarter,0,1,1.0,You're,True,False,False,DŒ²7,D,Œ²7,2,9,5
You're The Top,22,65,F4,3,0,eighth,0,1,0.5,the,True,False,False,DŒ²7,D,Œ²7,0,9,3
You're The Top,23,69,A4,5,0,quarter,0,1,1.0,top!,True,False,False,D‹7,D,m7,4,9,7
You're The Top,24,67,G4,4,0,quarter,0,1,1.0,You're,True,False,False,B¨7,Bb,7,2,5,9
You're The Top,24,65,F4,3,0,eighth,0,1,0.5,the,True,False,False,B¨7,Bb,7,0,5,7
You're The Top,25,69,A4,5,0,quarter,0,1,1.0,Louvr',True,False,False,B¨7,Bb,7,4,5,11
You're The Top,25,69,A4,5,0,quarter,0,1,1.0,mu,True,True,False,A7(b9),A,7(b9),4,4,0
You're The Top,25,64,E4,2,0,eighth,0,1,0.5,se,False,True,False,A7(b9),A,7(b9),11,4,7
You're The Top,25,67,G4,4,0,quarter,0,1,1.0,"um,",False,False,False,A7(b9),A,7(b9),2,4,10
You're The Top,26,64,E4,2,0,quarter,0,1,1.0,You're,True,False,False,A‹7,A,m7,11,4,7
You're The Top,26,62,D4,1,0,eighth,0,1,0.5,a,True,False,False,A‹7,A,m7,9,4,5
You're The Top,27,65,F4,3,0,quarter,0,1,1.0,mel,True,True,False,G‹7,G,m7,0,2,10
You're The Top,27,62,D4,1,0,eighth,0,1,0.5,o,False,True,False,G‹7,G,m7,9,2,7
You're The Top,27,64,E4,2,0,eighth,0,1,0.5,dy,False,False,False,G‹7,G,m7,11,2,9
You're The Top,27,64,E4,2,0,quarter,0,1,1.0,,,,True,C7,C,7,11,7,4
You're The Top,27,65,F4,3,0,eighth,0,1,0.5,From,True,False,False,C7,C,7,0,7,5
You're The Top,27,67,G4,4,0,eighth,0,1,0.5,a,True,False,False,C7,C,7,2,7,7
You're The Top,28,70,Bb4,6,-1,quarter,0,1,1.0,sym,True,True,False,B¨‹/F,Bb,m/F,5,5,0
You're The Top,28,67,G4,4,0,eighth,0,1,0.5,pho,False,True,False,B¨‹/F,Bb,m/F,2,5,9
You're The Top,28,69,A4,5,0,eighth,0,1,0.5,ny,False,False,False,B¨‹/F,Bb,m/F,4,5,11
You're The Top,28,69,A4,5,0,quarter,0,1,1.0,,,,True,F,F,,4,0,4
You're The Top,28,72,C5,7,0,quarter,0,1,1.0,by,True,False,False,F,F,,7,0,7
You're The Top,29,74,D5,8,0,half,1,1,3.0,"Strauss,",True,False,False,BØ7,B,m7b57,9,6,3
You're The Top,29,72,C5,7,0,eighth,0,1,0.5,You're,True,False,False,BØ7,B,m7b57,7,6,1
You're The Top,29,74,D5,8,0,eighth,0,1,0.5,a,True,False,False,BØ7,B,m7b57,9,6,3
You're The Top,30,76,E5,9,0,quarter,0,1,1.0,Ben,True,True,False,E&7,E,&7,11,11,0
You're The Top,30,76,E5,9,0,eighth,0,1,0.5,del,False,False,False,E&7,E,&7,11,11,0
You're The Top,30,76,E5,9,0,eighth,0,1,0.5,bon,True,True,False,E&7,E,&7,11,11,0
You're The Top,30,76,E5,9,0,eighth,0,1,0.5,,,,True,A9,A,9,11,4,7
You're The Top,30,76,E5,9,0,quarter,0,1,1.0,"net,",False,False,False,A9,A,9,11,4,7
You're The Top,30,76,E5,9,0,eighth,0,1,0.5,A,True,False,False,A9,A,9,11,4,7
You're The Top,31,76,E5,9,0,quarter,0,1,1.0,Shakespeareson,True,True,False,D&9,D,&9,11,9,2
You're The Top,31,76,E5,9,0,eighth,0,1,0.5,,,,True,D&9,D,&9,11,9,2
You're The Top,31,76,E5,9,0,eighth,0,1,0.5,,,,True,D&9,D,&9,11,9,2
You're The Top,31,76,E5,9,0,eighth,0,1,0.5,,,,True,G13,G,13,11,2,9
You're The Top,31,76,E5,9,0,quarter,0,1,1.0,"net,",False,False,False,G13,G,13,11,2,9
You're The Top,31,76,E5,9,0,eighth,0,1,0.5,You'reMick,True,False,False,G13,G,13,11,2,9
You're The Top,32,79,G5,11,0,eighth,0,1,0.5,,,,True,G‹7/C,G,m7/C,2,2,0
You're The Top,32,74,D5,8,0,quarter,0,1,1.0,ey,True,False,False,G‹7/C,G,m7/C,9,2,7
You're The Top,32,74,D5,8,0,eighth,0,1,0.5,Mouse.,True,False,False,G‹7/C,G,m7/C,9,2,7
You're The Top,32,74,D5,8,0,half,0,1,2.0,,,,True,G‹7/C,G,m7/C,9,2,7
You're The Top,34,70,Bb4,6,-1,quarter,0,1,1.0,You're,True,False,False,F©7F C©º7,F#,7F C#dim7,5,1,4
You're The Top,34,69,A4,5,0,eighth,0,1,0.5,the,True,False,False,F©7F C©º7,F#,7F C#dim7,4,1,3
You're The Top,35,72,C5,7,0,quarter,0,1,1.0,Nile,True,False,False,F,F,,7,0,7
You're The Top,36,70,Bb4,6,-1,quarter,0,1,1.0,You're,True,False,False,C9,C,9,5,7,10
You're The Top,36,69,A4,5,0,eighth,0,1,0.5,the,True,False,False,C9,C,9,4,7,9
You're The Top,37,72,C5,7,0,quarter,0,1,1.0,Tow'r,True,False,False,G‹7,G,m7,7,2,5
You're The Top,37,74,D5,8,0,quarter,0,1,1.0,of,True,False,False,G‹7,G,m7,9,2,7
You're The Top,37,69,A4,5,0,eighth,0,1,0.5,Pi,True,True,False,C13(b9),C,13(b9),4,7,9
You're The Top,37,72,C5,7,0,quarter,0,1,1.0,"sa,",False,False,False,C13(b9),C,13(b9),7,7,0
You're The Top,38,67,G4,4,0,quarter,0,1,1.0,You're,True,False,False,DŒ²7,D,Œ²7,2,9,5
You're The Top,38,65,F4,3,0,eighth,0,1,0.5,the,True,False,False,DŒ²7,D,Œ²7,0,9,3
You're The Top,39,69,A4,5,0,quarter,0,1,1.0,smile,True,False,False,D‹7,D,m7,4,9,7
You're The Top,40,67,G4,4,0,quarter,0,1,1.0,on,True,False,False,B¨7,Bb,7,2,5,9
You're The Top,40,65,F4,3,0,eighth,0,1,0.5,the,True,False,False,B¨7,Bb,7,0,5,7
You're The Top,41,67,G4,4,0,quarter,0,1,1.0,Mon,True,True,False,B¨7,Bb,7,2,5,9
You're The Top,41,69,A4,5,0,quarter,0,1,1.0,a,False,False,False,B¨7,Bb,7,4,5,11
You're The Top,41,63,Eb4,2,-1,eighth,0,1,0.5,Lis,True,True,False,A7(b9),A,7(b9),10,4,6
You're The Top,41,67,G4,4,0,quarter,0,1,1.0,a;,False,False,False,A7(b9),A,7(b9),2,4,10
You're The Top,42,64,E4,2,0,quarter,0,1,1.0,I'm,True,False,False,A‹7,A,m7,11,4,7
You're The Top,42,62,D4,1,0,eighth,0,1,0.5,a,True,False,False,A‹7,A,m7,9,4,5
You're The Top,43,65,F4,3,0,quarter,0,1,1.0,worthless,True,False,False,G‹7,G,m7,0,2,10
You're The Top,43,64,E4,2,0,eighth,0,1,0.5,,,,True,G‹7,G,m7,11,2,9
You're The Top,43,67,G4,4,0,eighth,0,1,0.5,"check,",True,False,False,G‹7,G,m7,2,2,0
You're The Top,43,67,G4,4,0,quarter,0,1,1.0,,,,True,F/A,F,/A,2,0,2
You're The Top,43,65,F4,3,0,eighth,0,1,0.5,a,True,False,False,F/A,F,/A,0,0,0
You're The Top,43,65,F4,3,0,eighth,0,1,0.5,,,,True,F/A,F,/A,0,0,0
You're The Top,44,69,A4,5,0,quarter,0,1,1.0,to,True,True,False,B¨,Bb,,4,5,11
You're The Top,44,67,G4,4,0,eighth,0,1,0.5,tal,False,False,False,B¨,Bb,,2,5,9
You're The Top,44,70,Bb4,6,-1,eighth,0,1,0.5,"wreck,",True,False,False,B¨,Bb,,5,5,0
You're The Top,44,70,Bb4,6,-1,quarter,0,1,1.0,,,,True,B¨,Bb,,5,5,0
You're The Top,44,69,A4,5,0,quarter,0,1,1.0,a,True,False,False,D&7,D,&7,4,9,7
You're The Top,45,76,E5,9,0,quarter,0,1,1.0,"flop,",True,False,False,G7,G,7,11,2,9
You're The Top,45,74,D5,8,0,eighth,0,1,0.5,But,True,False,False,G7,G,7,9,2,7
You're The Top,45,76,E5,9,0,eighth,0,1,0.5,if,True,False,False,G7,G,7,11,2,9
You're The Top,46,77,F5,10,0,eighth,0,1,0.5,Bab,True,True,False,G‹7,G,m7,0,2,10
You're The Top,46,77,F5,10,0,quarter,0,1,1.0,"y,",False,False,False,G‹7,G,m7,0,2,10
You're The Top,46,77,F5,10,0,eighth,0,1,0.5,I'm,True,False,False,G‹7,G,m7,0,2,10
You're The Top,46,77,F5,10,0,quarter,1,1,1.5,,,,True,F/A,F,/A,0,0,0
You're The Top,46,77,F5,10,0,eighth,0,1,0.5,the,True,False,False,F/A,F,/A,0,0,0
You're The Top,47,77,F5,10,0,eighth,0,1,0.5,bot,True,False,False,B¨²7,Bb,²7,0,5,7
You're The Top,47,77,F5,10,0,quarter,0,1,1.0,"tom,",True,False,False,B¨²7,Bb,²7,0,5,7
You're The Top,47,77,F5,10,0,eighth,0,1,0.5,You're,True,False,False,G‹7/C,G,m7/C,0,2,10
You're The Top,47,77,F5,10,0,quarter,1,1,1.5,,,,True,G‹7/C,G,m7/C,0,2,10
You're The Top,47,77,F5,10,0,eighth,0,1,0.5,the,True,False,False,G‹7/C,G,m7/C,0,2,10
You're The Top,48,77,F5,10,0,quarter,0,1,1.0,top!,True,False,False,G‹7/C,G,m7/C,0,2,10
You're The Top,50,77,F5,10,0,quarter,0,1,1.0,top!,True,False,False,G‹7/C,G,m7/C,0,2,10
